<?xml version='1.0' encoding='utf-8'?>
<Corpus xmlns:xsi="http://www.w3.org/2001/XMLSchema-instance"
	xsi:noNamespaceSchemaLocation="Abstract_Structure_v2.xsd">
	<Abstract id="26553692">
		<Sentence ic="1" o="1" p="1" pico="1" structural="Title">Immunogenicity of Yellow Fever Vaccine Coadministered With MenAfriVac in Healthy Infants in Ghana and Mali.</Sentence>
		<Sentence ic="0" o="0" p="0" pico="0" structural="Aim/Background">BACKGROUND: Yellow fever (YF) is still a major public health problem in endemic regions of Africa and South America.</Sentence>
		<Sentence ic="1" o="0" p="0" pico="0" structural="Aim/Background">In Africa, one of the main control strategies is routine vaccination within the Expanded Programme on Immunization (EPI) .</Sentence>
		<Sentence ic="1" o="1" p="1" pico="1" structural="Aim/Background">A new meningococcal A conjugate vaccine (PsA-TT) is about to be introduced in the EPI of countries in the African meningitis belt, and this study reports on the immunogenicity of the YF-17D vaccines in infants when administered concomitantly with measles vaccine and PsA-TT.</Sentence>
		<Sentence ic="1" o="0" p="1" pico="0" structural="Methodology">METHODS: Two clinical studies were conducted in Ghana and in Mali among infants who received PsA-TT concomitantly with measles and YF vaccines at 9 months of age.</Sentence>
		<Sentence ic="0" o="1" p="0" pico="0" structural="Methodology">YF neutralizing antibody titers were measured using a microneutralization assay.</Sentence>
		<Sentence ic="1" o="1" p="1" pico="1" structural="Conclusion">RESULTS: In both studies, the PsA-TT did not adversely affect the immune response to the concomitantly administered YF vaccine at the age of 9 months.</Sentence>
		<Sentence ic="0" o="1" p="1" pico="0" structural="Conclusion">The magnitude of the immune response was different between the 2 studies, with higher seroconversion and seroprotection rates found in Mali vs Ghana.</Sentence>
		<Sentence ic="1" o="1" p="1" pico="1" structural="Conclusion">CONCLUSIONS: Immunogenicity to YF vaccine is unaffected when coadministered with PsA-TT at 9 months of age.</Sentence>
		<Sentence ic="0" o="0" p="0" pico="0" structural="Conclusion">Further studies are warranted to better understand the determinants of the immune response to YF vaccine in infancy.</Sentence>
		<Sentence ic="0" o="0" p="0" pico="0" structural="Conclusion">CLINICAL TRIALS REGISTRATION: ISRCTN82484612 (PsA-TT-004); PACTR201110000328305 (PsA-TT-007) .</Sentence>
	</Abstract>
</Corpus>