<?xml version='1.0' encoding='utf-8'?>
<Corpus xmlns:xsi="http://www.w3.org/2001/XMLSchema-instance"
	xsi:noNamespaceSchemaLocation="Abstract_Structure_v2.xsd">
	<Abstract id="26561613">
		<Sentence ic="1" o="1" p="1" pico="1" structural="Title">Periconceptional multiple-micronutrient supplementation and placental function in rural Gambian women: a double-blind, randomized, placebo-controlled trial.</Sentence>
		<Sentence ic="1" o="1" p="0" pico="0" structural="Aim/Background">BACKGROUND: Maternal micronutrient deficiencies are commonly associated with clinical indicators of placental dysfunction.</Sentence>
		<Sentence ic="1" o="1" p="0" pico="0" structural="Aim/Background">OBJECTIVE: We tested the hypothesis that periconceptional multiple-micronutrient supplementation (MMS) affects placental function.</Sentence>
		<Sentence ic="1" o="0" p="1" pico="0" structural="Other">DESIGN: We conducted a double-blind, randomized, placebo-controlled trial of MMS in 17- to 45-y-old Gambian women who were menstruating regularly and within the previous 3 mo.</Sentence>
		<Sentence ic="1" o="0" p="1" pico="0" structural="Other">Eligible subjects were pre-randomly assigned to supplementation with the UNICEF/WHO/United Nations University multiple micronutrient preparation (UNIMMAP) or placebo on recruitment and until they reached their first antenatal check-up or for 1 y if they failed to conceive.</Sentence>
		<Sentence ic="0" o="1" p="0" pico="0" structural="Other">Primary outcome measures were midgestational indexes of utero-placental vascular-endothelial function [ratio of plasminogen-activator inhibitor (PAI) 1 to PAI-2 and mean uterine-artery resistance index (UtARI)] and placental active transport capacity at delivery [fetal to maternal measles antibody (MMA) ratio].</Sentence>
		<Sentence ic="0" o="0" p="1" pico="0" structural="Conclusion">RESULTS: We recruited 1156 women who yielded 415 pregnancies, of which 376 met all of the inclusion criteria.</Sentence>
		<Sentence ic="0" o="1" p="1" pico="0" structural="Conclusion">With adjustment for gestational age at sampling, there were no differences in PAI-1 to PAI-2 or MMA ratios between trial arms, but there was a 0.02-unit reduction in UtARI between 18 and 32 wk of gestation (95% CI: -0.03, -0.00; P = 0.040) in women taking UNIMMAP.</Sentence>
		<Sentence ic="1" o="1" p="0" pico="0" structural="Conclusion">CONCLUSIONS: Placental vascular function was modifiable by periconceptional micronutrient supplementation.</Sentence>
		<Sentence ic="0" o="1" p="0" pico="0" structural="Conclusion">However, the effect was small and supplementation did not further affect other variables of placental function.</Sentence>
		<Sentence ic="0" o="0" p="0" pico="0" structural="Conclusion">This trial was registered at www.controlled-trials.com as ISRCTN 13687662.</Sentence>
	</Abstract>
</Corpus>