<?xml version='1.0' encoding='utf-8'?>
<Corpus xmlns:xsi="http://www.w3.org/2001/XMLSchema-instance"
	xsi:noNamespaceSchemaLocation="Abstract_Structure_v2.xsd">
	<Abstract id="26678511">
		<Sentence ic="1" o="1" p="0" pico="0" structural="Title">The effects of vitamin A supplementation with measles vaccine on leucocyte counts and in vitro cytokine production.</Sentence>
		<Sentence ic="1" o="0" p="1" pico="0">As WHO recommends vitamin A supplementation (VAS) at vaccination contacts after age 6 months, many children receive VAS together with measles vaccine (MV) .</Sentence>
		<Sentence ic="1" o="1" p="0" pico="0">We aimed to investigate the immunological effect of VAS given with MV.</Sentence>
		<Sentence ic="1" o="1" p="0" pico="0">Within a randomised placebo-controlled trial investigating the effect on overall mortality of providing VAS with vaccines in Guinea-Bissau, we conducted an immunological sub-study of VAS v. placebo with MV, analysing leucocyte counts, whole blood in vitro cytokine production, vitamin A status and concentration of C-reactive protein (CRP) .</Sentence>
		<Sentence ic="1" o="1" p="0" pico="0">VAS compared with placebo was associated with an increased frequency of CRP  5 mg/l (28 v. 12%; P=0005) .</Sentence>
		<Sentence ic="1" o="1" p="1" pico="1">Six weeks after supplementation, VAS had significant sex-differential effects on leucocyte, lymphocyte, monocyte and basophil cell counts, decreasing them in males but increasing them in females.</Sentence>
		<Sentence ic="1" o="1" p="1" pico="1">Mainly in females, the effect of VAS on cytokine responses differed by previous VAS: in previous VAS recipients, VAS increased the pro-inflammatory and T helper cell type 1 (Th1) cytokine responses, whereas VAS decreased these responses in previously unsupplemented children.</Sentence>
		<Sentence ic="1" o="1" p="1" pico="1">In previous VAS recipients, VAS was associated with increased IFN- responses to phytohaemagglutinin in females (geometric mean ratio (GMR): 397; 95% CI 144, 1090) but not in males (GMR 044; 95% CI 014, 142); the opposite was observed in previously unsupplemented children.</Sentence>
		<Sentence ic="1" o="1" p="0" pico="0">Our results corroborate that VAS provided with MV has immunological effects, which may depend on sex and previous VAS.</Sentence>
		<Sentence ic="1" o="1" p="1" pico="1">VAS may increase the number of leucocytes, but also repress both the innate and lymphocyte-derived cytokine responses in females, whereas this repression may be opposite if the females have previously received VAS.</Sentence>
	</Abstract>
</Corpus>