<?xml version='1.0' encoding='utf-8'?>
<Corpus xmlns:xsi="http://www.w3.org/2001/XMLSchema-instance"
	xsi:noNamespaceSchemaLocation="Abstract_Structure_v2.xsd">
	<Abstract id="26818364">
		<Sentence ic="1" o="1" p="1" pico="1" structural="Title">The effect of sucrose as pain relief/comfort during immunisation of 15-month-old children in health care centres: a randomised controlled trial.</Sentence>
		<Sentence ic="1" o="1" p="1" pico="1">AIMS AND OBJECTIVES: To investigate the effect of 30% sucrose compared with a placebo (water) as pain relief and comfort during immunisation of 15-month-old children in health care centres.</Sentence>
		<Sentence ic="1" o="1" p="1" pico="1" structural="Aim/Background">BACKGROUND: Children experience different levels of pain and distress during immunisation.</Sentence>
		<Sentence ic="1" o="1" p="1" pico="1 " structural="Aim/Background">Sweet solutions function as pain relief during immunisation for infants up to one year of age.</Sentence>
		<Sentence ic="0" o="0" p="1" pico="0" structural="Aim/Background">However, there are few studies of older children.</Sentence>
		<Sentence ic="1" o="0" p="1" pico="0" structural="Other">DESIGN: An experimental design in which the participants (15-month-old infants) were randomly assigned to an intervention group that received a 30% sugar solution or a control group that received a placebo (water) .</Sentence>
		<Sentence ic="0" o="0" p="0" pico="0" structural="Methodology">METHODS: The study was performed at three health care centres in a large Norwegian municipality.</Sentence>
		<Sentence ic="1" o="0" p="1" pico="0" structural="Methodology">The parents of all 15-month-old infants who were recommended for vaccination (for measles, mumps and rubella) between 5 September 2013 and 31 March 2014 were invited to have their infant participate.</Sentence>
		<Sentence ic="0" o="1" p="0" pico="0" structural="Methodology">Duration of crying was the outcome measure.</Sentence>
		<Sentence ic="0" o="0" p="1" pico="0" structural="Conclusion">RESULTS: A total of 114 children were included (59 in the intervention group, 55 in the control group) .</Sentence>
		<Sentence ic="0" o="1" p="1" pico="0" structural="Conclusion">The intervention group infants' crying was shorter (18 seconds mean) compared with the control group infants (33 seconds mean) .</Sentence>
		<Sentence ic="0" o="1" p="1" pico="0" structural="Conclusion">The difference in crying duration between the groups was both statistically and clinically significant.</Sentence>
		<Sentence ic="1" o="1" p="1" pico="1" structural="Conclusion">CONCLUSION: This trial revealed that 30% sucrose orally has a calming and pain-relieving effect on 15-month-old infants during immunisation.</Sentence>
		<Sentence ic="1" o="1" p="1" pico="1" structural="Conclusion">Conclusions: RELEVANCE TO CLINICAL PRACTICE: Public health nurses should use a 30% sucrose solution for pain relief during immunisation of 15-month-old infants.</Sentence>
	</Abstract>
</Corpus>