<?xml version='1.0' encoding='utf-8'?>
<Corpus xmlns:xsi="http://www.w3.org/2001/XMLSchema-instance"
	xsi:noNamespaceSchemaLocation="Abstract_Structure_v2.xsd">
	<Abstract id="26823338">
		<Sentence ic="1" o="1" p="1" pico="1" structural="Title">Noninterference of Rotavirus Vaccine With Measles-Rubella Vaccine at 9 Months of Age and Improvements in Antirotavirus Immunity: A Randomized Trial.</Sentence>
		<Sentence ic="1" o="1" p="1" pico="1" structural="Aim/Background">BACKGROUND: The burden of rotavirus morbidity and mortality is high in children aged &lt;5 years in developing countries, and evaluations indicate waning protection from rotavirus immunization in the second year.</Sentence>
		<Sentence ic="1" o="1" p="0" pico="0" structural="Aim/Background">An additional dose of rotavirus vaccine may enhance the immune response and lengthen the period of protection against disease, but coadministration of this dose should not interfere with immune responses to concurrently given vaccines.</Sentence>
		<Sentence ic="1" o="1" p="1" pico="1" structural="Methodology">METHODS: A total of 480 9-month-old participants from Matlab, Bangladesh, were enrolled in a study with a primary objective to establish noninferiority of concomitant administration of measles-rubella vaccine (MR) and a third dose of human rotavirus vaccine (HRV; MR + HRV), compared with MR given alone.</Sentence>
		<Sentence ic="1" o="0" p="1" pico="0" structural="Methodology">Secondary objectives included noninferiority of rubella antibody seroconversion and evaluating rotavirus IgA/IgG seroresponses in MR + HRV recipients.</Sentence>
		<Sentence ic="1" o="1" p="0" pico="0" structural="Conclusion">RESULTS: Two months after vaccination, 75.3% and 74.3% of MR + HRV and MR recipients, respectively, had seroprotective levels of measles virus antibodies; 100.0% and 99.6%, respectively, showed anti-rubella virus immunoglobulin G (IgG) seroprotection.</Sentence>
		<Sentence ic="1" o="1" p="1" pico="1" structural="Conclusion">In the MR + HRV group, antirotavirus immunoglobulin A and IgG seropositivity frequencies before vaccination (52.7% and 66.3%, respectively) increased to 69.6% and 88.3% after vaccination.</Sentence>
		<Sentence ic="1" o="1" p="0" pico="0" structural="Conclusion">CONCLUSIONS: Vaccine-induced measles and rubella antibody responses are not negatively affected by concomitant administration of HRV.</Sentence>
		<Sentence ic="1" o="1" p="1" pico="1" structural="Conclusion">The HRV dose increases antirotavirus serum antibody titers and the proportion of infants with detectable antirotavirus antibody.</Sentence>
		<Sentence ic="0" o="0" p="0" pico="0" structural="Conclusion">CLINICAL TRIALS REGISTRATION: NCT01700621.</Sentence>
	</Abstract>
</Corpus>