<?xml version='1.0' encoding='utf-8'?>
<Corpus xmlns:xsi="http://www.w3.org/2001/XMLSchema-instance"
	xsi:noNamespaceSchemaLocation="Abstract_Structure_v2.xsd">
	<Abstract id="26873052">
		<Sentence ic="1" o="1" p="1" pico="1" structural="Title">Supplemental measles vaccine antibody response among HIV-infected and -uninfected children in Malawi after 1- and 2-dose primary measles vaccination schedules.</Sentence>
		<Sentence ic="1" o="1" p="1" pico="1" structural="Aim/Background">BACKGROUND: The long-term antibody response to measles vaccine (MV) administered at age 6 months with or without subsequent doses is not well documented.</Sentence>
		<Sentence ic="1" o="1" p="1" pico="1" structural="Methodology">METHODS: Measles serum antibody responses were evaluated after a supplemental dose of measles vaccine (sMV) administered at a median age of 20 months among Malawian children who had previously received 2 doses of measles vaccine (MV) at ages 6 and 9 months (HIV-infected and random sample of HIV-uninfected) or 1 dose at age 9 months (random sample of HIV-uninfected) .</Sentence>
		<Sentence ic="1" o="1" p="0" pico="0" structural="Methodology">We compared measles antibody seropositivity between groups by enzyme linked immunoassay and seroprotection by plaque reduction neutralization geometric mean concentrations.</Sentence>
		<Sentence ic="1" o="0" p="1" pico="0" structural="Conclusion">RESULTS: Of 1756 children enrolled, 887 (50.5%) received a sMV dose following MV at 9 months of age and had specimens available after sMV receipt, including 401 HIV-uninfected children who received one MV dose at 9 months, 464 HIV-uninfected and 22 HIV-infected children who received two doses of MV at ages 6 and 9 months.</Sentence>
		<Sentence ic="0" o="0" p="1" pico="0" structural="Conclusion">Among HIV-uninfected children, protective levels of antibody were found post sMV in 90-99% through ages 24-36 months and were not affected by MV schedule.</Sentence>
		<Sentence ic="1" o="1" p="1" pico="1" structural="Conclusion">Geometric mean concentration levels of measles antibody were significantly increased post-sMV among those HIV-uninfected children previously non-responsive to vaccination.</Sentence>
		<Sentence ic="0" o="1" p="1" pico="0" structural="Conclusion">Among HIV-infected children, the proportion seroprotected increased initially but by 9 months post-sMV was no higher than pre-sMV.</Sentence>
		<Sentence ic="1" o="1" p="0" pico="0" structural="Conclusion">CONCLUSIONS: Our findings support early 2-dose MV to provide measles immunity for young infants without risk of interference with antibody responses to subsequent MV doses administered as part of SIAs.</Sentence>
	</Abstract>
</Corpus>