<?xml version='1.0' encoding='utf-8'?>
<Corpus xmlns:xsi="http://www.w3.org/2001/XMLSchema-instance"
	xsi:noNamespaceSchemaLocation="Abstract_Structure_v2.xsd">
	<Abstract id="27423382">
		<Sentence ic="1" o="1" p="1" pico="1" structural="Title">The immunogenicity and safety of a tetravalent measles-mumps-rubella-varicella vaccine when co-administered with conjugated meningococcal C vaccine to healthy children: A phase IIIb, randomized, multi-center study in Italy.</Sentence>
		<Sentence ic="1" o="1" p="1" pico="1" structural="Aim/Background">INTRODUCTION: Multiple vaccination visits and administrations can be stressful for infants, parents and healthcare providers.</Sentence>
		<Sentence ic="1" o="1" p="0" pico="0" structural="Aim/Background">Multivalent combination vaccines can deliver the required number of antigens in fewer injections and clinic visits, while vaccine co-administration can also reduce the number of visits.</Sentence>
		<Sentence ic="1" o="1" p="1" pico="1" structural="Aim/Background">This non-inferiority study was undertaken to evaluate the feasibility of co-administering a combined measles-mumps-rubella-varicella (MMRV) vaccine with conjugated meningococcal C (MenC) vaccine in a large cohort of healthy Italian toddlers.</Sentence>
		<Sentence ic="1" o="0" p="1" pico="0" structural="Methodology">METHODS: Healthy subjects aged 13-15months were randomized (2:1:1) to receive single doses of either: co-administered MMRV+MenC at the same visit (MMRV+MenC group); or MMRV followed 42days later by MenC (MMRV group); or MenC followed 42days later by MMRV (MenC group) .</Sentence>
		<Sentence ic="1" o="0" p="0" pico="0" structural="Methodology">Blood samples were collected before and 43days after vaccination.</Sentence>
		<Sentence ic="0" o="0" p="0" pico="0" structural="Methodology">Antibody titers against MMRV were measured using ELISA.</Sentence>
		<Sentence ic="1" o="0" p="0" pico="0" structural="Methodology">Functional-anti-meningococcal-serogroup activity (rSBAMenC) was assessed using a serum bactericidal test.</Sentence>
		<Sentence ic="1" o="0" p="0" pico="0" structural="Methodology">Solicited local and general reactions were recorded for up to 4 and 42days post-vaccination, respectively.</Sentence>
		<Sentence ic="1" o="1" p="0" pico="0" structural="Methodology">Non-inferiority of MMRV+MenC to MMRV (post-dose-1 seroconversion rates) and MMRV+MenC to MenC (post-dose-1 seroprotection rates) was achieved if the lower limit (LL) of the 95% confidence interval (CI) for the group difference was -10% for each antigen.</Sentence>
		<Sentence ic="0" o="0" p="1" pico="0" structural="Conclusion">RESULTS: 716 subjects were enrolled in the study.</Sentence>
		<Sentence ic="1" o="0" p="1" pico="0" structural="Conclusion">At 42days post-vaccination, the MMRV seroconversion rates were 99.3% (measles), 94.5% (mumps), 100% (rubella) and 99.7% (varicella) in the MMRV+MenC group, and 99.4%, 93.2%, 100% and 100%, respectively, in the MMRV group.</Sentence>
		<Sentence ic="0" o="0" p="1" pico="0" structural="Conclusion">The seroprotection rates against rSBA-MenC were 98.3% in the MMRV+MenC group and 99.3% in the MenC group.</Sentence>
		<Sentence ic="0" o="1" p="0" pico="0" structural="Conclusion">Non-inferiority was reached for all the vaccine antigens.</Sentence>
		<Sentence ic="0" o="1" p="0" pico="0" structural="Conclusion">The safety profiles were as expected for these vaccines.</Sentence>
		<Sentence ic="1" o="0" p="1" pico="0" structural="Conclusion">CONCLUSION: The immune responses elicited by co-administered MMRV+MenC were non-inferior to those elicited by MMRV or MenC alone and support vaccination of children with both vaccines at a single visit.</Sentence>
		<Sentence ic="0" o="0" p="0" pico="0" structural="Conclusion">CLINICAL TRIALS REGISTRATION: NCT01506193.</Sentence>
	</Abstract>
</Corpus>