<?xml version='1.0' encoding='utf-8'?>
<Corpus xmlns:xsi="http://www.w3.org/2001/XMLSchema-instance"
	xsi:noNamespaceSchemaLocation="Abstract_Structure_v2.xsd">
	<Abstract id="27631388">
		<Sentence ic="1" o="1" p="1" pico="1" structural="Title">Is the Cardiovascular Response Equivalent Between a Supervised Center-Based Setting and a Self-care Home-Based Setting When Rating of Perceived Exertion Is Used to Guide Aerobic Exercise Intensity During a Cardiac Rehabilitation Program.</Sentence>
		<Sentence ic="1" o="0" p="0" pico="0">Objectives: The aim of this study was to investigate if exercise intensity guided by rating of perceived exertion (RPE) results in an equivalent cardiovascular response when applied in either a center-based or a home-based setting.</Sentence>
		<Sentence ic="1" o="0" p="1" pico="0">Design: Data from patients with heart disease (postvalve surgery and atrial fibrillation postradiofrequency ablation) participating in exercise-based rehabilitation were included.</Sentence>
		<Sentence ic="1" o="0" p="0" pico="0">Patients performed a 12-week program in either a center- or a home-based setting.</Sentence>
		<Sentence ic="1" o="0" p="0" pico="0">Using RPE, patients recorded their exercise intensity 3 times during an aerobic training phase.</Sentence>
		<Sentence ic="1" o="0" p="0" pico="0">Exercise intensity was objectively measured using heart rate (HR) monitors.</Sentence>
		<Sentence ic="1" o="0" p="1" pico="0" structural="Conclusion">Results: A total of 2622 RPE values with corresponding HR data were available.</Sentence>
		<Sentence ic="0" o="1" p="1" pico="0" structural="Conclusion">There was no difference in the level of association (interaction P = 0.51) between HR and RPE seen in the center-based setting (mean of 6.1 beats/min per 1.0 difference in RPE; 95% confidence interval, 4.87.5 beats/min) compared with the home-based setting (mean of 5.3 beats/min per 1.0 difference in RPE; 95% confidence interval, 4.06.5 beats/min) .</Sentence>
		<Sentence ic="0" o="1" p="0" pico="0" structural="Conclusion">The level of patient familiarization, exercise intensity, and patient characteristics did not affect the level of association between RPE and HR.</Sentence>
		<Sentence ic="1" o="1" p="1" pico="0" structural="Conclusion">Conclusions: Independent of exercise setting, RPE appears to be equally effective in guiding exercise intensity of patients participating in cardiac rehabilitation.</Sentence>
	</Abstract>
</Corpus>