<?xml version='1.0' encoding='utf-8'?>
<Corpus xmlns:xsi="http://www.w3.org/2001/XMLSchema-instance"
	xsi:noNamespaceSchemaLocation="Abstract_Structure_v2.xsd">
	<Abstract id="27777294">
		<Sentence ic="1" o="1" p="1" pico="1" structural="Title">Impact of Left Ventricular to Mitral Valve Ring Mismatch on Recurrent Ischemic Mitral Regurgitation After Ring Annuloplasty.</Sentence>
		<Sentence ic="1" o="1" p="0" pico="0" structural="Aim/Background">Background: In ischemic mitral regurgitation (IMR), ring annuloplasty is associated with a significant rate of recurrent MR .</Sentence>
		<Sentence ic="0" o="0" p="0" pico="0" structural="Aim/Background">Ring size is based on intertrigonal distance without consideration of left ventricular (LV) size.</Sentence>
		<Sentence ic="0" o="0" p="0" pico="0" structural="Aim/Background">However, LV size is an important determinant of mitral valve (MV) leaflet tethering before and after repair.</Sentence>
		<Sentence ic="1" o="1" p="1" pico="1" structural="Aim/Background">We aimed to determine whether LV-MV ring mismatch (mismatch of LV size relative to ring size) is associated with recurrent MR in patients with IMR after restrictive ring annuloplasty.</Sentence>
		<Sentence ic="1" o="0" p="1" pico="0" structural="Methodology">Methods: Patients with moderate or severe IMR from the 2 Cardiothoracic Surgical Trials Network IMR trials who received MV repair were examined at 1 year after surgery.</Sentence>
		<Sentence ic="1" o="1" p="0" pico="0" structural="Methodology">Baseline LV size was assessed by LV end-diastolic dimension and LV end-systolic dimension (LVESd) .</Sentence>
		<Sentence ic="1" o="1" p="0" pico="0" structural="Methodology">LV-MV ring mismatch was calculated as the ratio of LV to ring size (LV end-diastolic dimension/ring size and LVESd/ring size) .</Sentence>
		<Sentence ic="1" o="1" p="1" pico="0" structural="Conclusion">Results: At 1 year after ring annuloplasty, 45 of 214 patients with MV repair (21%) had moderate or greater MR .</Sentence>
		<Sentence ic="1" o="1" p="0" pico="0" structural="Conclusion">In univariable logistic regression analysis, larger LVESd (P=0.02) and LVESd/ring size (P=0.007) were associated with recurrent MR .</Sentence>
		<Sentence ic="0" o="1" p="0" pico="0" structural="Conclusion">In multivariable models adjusted for age, sex, baseline LV ejection fraction, and severe IMR, only LVESd/ring size (odd ratio per 0.5 increase, 2.20; 95% confidence interval, 1.054.62; P=0.038) remained significantly associated with 1-year MR recurrence.</Sentence>
		<Sentence ic="1" o="1" p="0" pico="0" structural="Conclusion">Conclusions: LV-MV ring size mismatch is associated with increased risk of MR recurrence.</Sentence>
		<Sentence ic="1" o="0" p="0" pico="0" structural="Conclusion">This finding may be helpful in guiding choice of ring size to prevent recurrent MR in patients undergoing MV repair and in identifying patients who may benefit from MV repair with additional subvalvular intervention or MV replacement rather than repair alone.</Sentence>
	</Abstract>
</Corpus>