<?xml version='1.0' encoding='utf-8'?>
<Corpus xmlns:xsi="http://www.w3.org/2001/XMLSchema-instance"
	xsi:noNamespaceSchemaLocation="Abstract_Structure_v2.xsd">
	<Abstract id="28049190">
		<Sentence ic="1" o="1" p="1" pico="0" structural="Title">The Efficacy of Rituximab Combined with 131I for Ophthalmic Outcomes of Graves' Ophthalmopathy Patients.</Sentence>
		<Sentence ic="1" o="1" p="1" pico="1" structural="Aim/Background">PURPOSE: The purpose of this study is to examine the effectiveness of introducing both rituximab (RTX) and 131I for active Graves' ophthalmopathy (GO) with hyperthyroidism.</Sentence>
		<Sentence ic="0" o="0" p="1" pico="0" structural="Methodology">METHODS: In total, 217 patients suffering from active GO with hyperthyroidism were included in this research.</Sentence>
		<Sentence ic="0" o="0" p="1" pico="0" structural="Methodology">All subjects were randomly assigned to 3 groups.</Sentence>
		<Sentence ic="1" o="0" p="1" pico="0" structural="Methodology">Patients in group A solely received 131I treatment; group B1 underwent a methylprednisolone treatment in combination with 131I treatment; and group B2 received an RTX in combination with 131I treatment.</Sentence>
		<Sentence ic="0" o="1" p="0" pico="0" structural="Methodology">Hyperthyroidism treatment outcomes, orbital volumetry, ophthalmic assessments, serum cytokine levels, and adverse effects were measured after treatment.</Sentence>
		<Sentence ic="1" o="1" p="1" pico="1" structural="Conclusion">RESULTS: The orbital volumetry principle was significantly different from 24weeks after the start of treatment among all 3 groups, and improvements in most ophthalmic parameters were regarded significantly different among 3 groups (all p &lt; 0.05) .</Sentence>
		<Sentence ic="0" o="1" p="0" pico="0" structural="Conclusion">The expression levels of miR-146a and most serum cytokines were regarded significantly different from 24weeks after the start of treatment among 3 groups (all p &lt; 0.05) .</Sentence>
		<Sentence ic="1" o="1" p="1" pico="1" structural="Conclusion">CONCLUSIONS: In comparison with other therapies, RTX treatment in combination with 131I treatment is considered to be more effective for hyperthyroidism with active GO.</Sentence>
	</Abstract>
</Corpus>