<?xml version='1.0' encoding='utf-8'?>
<Corpus xmlns:xsi="http://www.w3.org/2001/XMLSchema-instance"
	xsi:noNamespaceSchemaLocation="Abstract_Structure_v2.xsd">
	<Abstract id="28060545">
		<Sentence ic="1" o="1" p="1" pico="1" structural="Title">Safety and Immunogenicity of Adenovirus 35 Tuberculosis Vaccine Candidate in Adults with Active or Previous Tuberculosis.</Sentence>
		<Sentence ic="0" o="0" p="0" pico="0">A Randomized Trial.</Sentence>
		<Sentence ic="1" o="1" p="1" pico="1">RATIONALE: Administration of tuberculosis (TB) vaccines in participants with previous or current pulmonary TB may have the potential for causing harmful postvaccination immunologic (Koch-type) reactions.</Sentence>
		<Sentence ic="1" o="1" p="1" pico="0" structural="Aim/Background">OBJECTIVES: To assess the safety and immunogenicity of three dose levels of the AERAS-402 live, replication-deficient adenovirus 35-vectored TB candidate vaccine, containing three mycobacterial antigens, in individuals with current or previous pulmonary TB.</Sentence>
		<Sentence ic="1" o="0" p="1" pico="0" structural="Methodology">METHODS: We performed a phase II randomized, placebo-controlled, double-blinded dose-escalation study in an HIV-negative adult South African cohort (n=72) with active pulmonary TB (on treatment for 1-4 mo) or pulmonary TB treated at least 12 months before study entry and considered cured.</Sentence>
		<Sentence ic="1" o="0" p="0" pico="0" structural="Methodology">Safety endpoints included clinical assessment, flow volume curves, diffusing capacity of the lung for carbon monoxide, pulse oximetry, chest radiograph, and high-resolution thoracic computerized tomography scans.</Sentence>
		<Sentence ic="1" o="1" p="0" pico="0" structural="Methodology">Cytokine expression by CD4 and CD8 T cells, after stimulation with Ag85A, Ag85B, and TB10.4 peptide pools, was examined by intracellular cytokine staining.</Sentence>
		<Sentence ic="1" o="1" p="0" pico="0" structural="Methodology">MEASUREMENTS AND MAIN RESULTS: No apparent temporal or dose-related changes in clinical status (specifically acute, Koch phenomenon-like reactions), lung function, or radiology attributable to vaccine were observed.</Sentence>
		<Sentence ic="0" o="1" p="0" pico="0" structural="Methodology">Injection site reactions were mild or moderate.</Sentence>
		<Sentence ic="1" o="1" p="1" pico="1" structural="Methodology">Hematuria (by dipstick only) occurred in 25 (41%) of 61 AERAS-402 recipients and 3 (27%) of 11 placebo recipients, although no gross hematuria was reported.</Sentence>
		<Sentence ic="0" o="0" p="0" pico="0" structural="Methodology">AERAS-402 induced robust CD8(+) and moderate CD4(+) T-cell responses, mainly to Ag85B in both vaccine groups.</Sentence>
		<Sentence ic="1" o="1" p="1" pico="1" structural="Conclusion">CONCLUSIONS: Administration of the AERAS-402 candidate TB vaccine to participants with current or previous pulmonary TB induced a robust immune response and is not associated with clinically significant pulmonary complications.</Sentence>
		<Sentence ic="0" o="0" p="0" pico="0" structural="Conclusion">Clinical trial registered with www.clinicaltrials.gov (NCT 02414828) and in the South African National Clinical Trials Register ( www.sanctr.gov.za DOH 27-0808-2060) .</Sentence>
	</Abstract>
</Corpus>