<?xml version='1.0' encoding='utf-8'?>
<Corpus xmlns:xsi="http://www.w3.org/2001/XMLSchema-instance"
	xsi:noNamespaceSchemaLocation="Abstract_Structure_v2.xsd">
	<Abstract id="28077730">
		<Sentence ic="1" o="1" p="1" pico="1" structural="Title">Effect of an Early Dose of Measles Vaccine on Morbidity Between 18 Weeks and 9 Months of Age: A Randomized, Controlled Trial in Guinea-Bissau.</Sentence>
		<Sentence ic="1" o="1" p="1" pico="1" structural="Aim/Background">Background: Children in Guinea-Bissau receive measles vaccine (MV) at 9 months of age, but studies have shown that an additional dose before 9 months of age might have beneficial nonspecific effects.</Sentence>
		<Sentence ic="1" o="1" p="0" pico="0" structural="Aim/Background">Within a randomized trial designed to examine nonspecific effects of early MV receipt on mortality, we conducted a substudy to investigate the effect of early MV receipt on morbidity.</Sentence>
		<Sentence ic="1" o="0" p="1" pico="0" structural="Methodology">Methods: Children were randomly assigned at a ratio of 2:1 to receive 2 doses of MV at 18 weeks and age 9 months (intervention group) or 1 dose of MV at age 9 months, in accordance with current practice (control group) .</Sentence>
		<Sentence ic="1" o="0" p="1" pico="0" structural="Methodology">Children were visited weekly from enrollment to age 9 months; the mother reported morbidity, and the field assistants examined the children.</Sentence>
		<Sentence ic="0" o="0" p="1" pico="0" structural="Methodology">Using Cox and binomial regression models, we compared the 2 randomization groups.</Sentence>
		<Sentence ic="1" o="1" p="1" pico="1" structural="Conclusion">Results: Among the 1592 children, early measles vaccination was not associated with a higher risk of the well-known adverse events of fever, rash, and convulsions within the first 14 days.</Sentence>
		<Sentence ic="1" o="1" p="1" pico="1" structural="Conclusion">From 15 days after randomization to age 9 months, early measles vaccination was associated with reductions in maternally reported diarrhea (hazard ratio [HR], 0.89; 95% confidence interval [CI], .82-.97), vomiting (HR, 0.86; 95% CI, .75-.98), and fever (HR, 0.93; 95% CI, .87-1.00) .</Sentence>
		<Sentence ic="1" o="1" p="1" pico="1" structural="Conclusion">Conclusion: Early MV receipt was associated with reduced general morbidity in the following months, supporting that early MV receipt may improve the general health of children.</Sentence>
	</Abstract>
</Corpus>