<?xml version='1.0' encoding='utf-8'?>
<Corpus xmlns:xsi="http://www.w3.org/2001/XMLSchema-instance"
	xsi:noNamespaceSchemaLocation="Abstract_Structure_v2.xsd">
	<Abstract id="28109962">
		<Sentence ic="1" o="0" p="1" pico="0" structural="Title">Endothelial Permeability and Hemostasis in Early Septic Shock.</Sentence>
		<Sentence ic="1" o="1" p="1" pico="0" structural="Aim/Background">BACKGROUND: We studied patients from the Protocolized Care in Early Septic Shock (ProCESS) trial to determine the effects of alternative resuscitation strategies on circulating markers of endothelial cell permeability and hemostasis and the association between biomarkers and mortality.</Sentence>
		<Sentence ic="1" o="0" p="1" pico="0" structural="Methodology">METHODS: This was a prospective study of biomarkers of endothelial cell permeability (vascular endothelial growth factor [VEGF], soluble fms-like tyrosine kinase 1 [sFLT-1], angiopoietin 2 [Ang-2]) and biomarkers of hemostasis (von Willebrand factor [vWF], thrombomodulin [TM], tissue plasminogen activator [tPA] in 605 of the 1,341 ProCESS participants in a derivation cohort and 305 participants in a validation cohort.</Sentence>
		<Sentence ic="1" o="1" p="0" pico="0" structural="Methodology">Analyses assessed (1) the impact of varying resuscitation strategies on biomarker profiles and (2) the association of endothelial biomarkers with 60-day in-hospital mortality.</Sentence>
		<Sentence ic="0" o="0" p="1" pico="0" structural="Methodology">The study was conducted in 31 US EDs in adult patients with septic shock.</Sentence>
		<Sentence ic="0" o="0" p="1" pico="0" structural="Methodology">Patients were randomly assigned to one of three resuscitation strategies.</Sentence>
		<Sentence ic="1" o="0" p="0" pico="0" structural="Methodology">Blood samples were collected at enrollment, at 6 h, and at 24 h .</Sentence>
		<Sentence ic="0" o="1" p="0" pico="0" structural="Conclusion">RESULTS: There were 116 (19.2%) and 52 (17.0%) deaths in the derivation and validation cohorts, respectively.</Sentence>
		<Sentence ic="1" o="1" p="0" pico="0" structural="Conclusion">There was no significant association between treatment strategy and any biomarker levels.</Sentence>
		<Sentence ic="1" o="0" p="1" pico="0" structural="Conclusion">Permeability (Ang-2 and sFLT-1) and hemostasis (vWF, TM, tPA) biomarkers were higher and VEGF levels were lower in nonsurvivors (P &lt; .05 for all) .</Sentence>
		<Sentence ic="1" o="1" p="0" pico="0" structural="Conclusion">At baseline, sFLT-1 had the highest point estimate for mortality discrimination (derivation area under the curve [AUC], 0.74; validation, 0.70), similar to lactate (AUC, 0.74) and Sequential Organ Failure Assessment score (AUC, 0.73) .</Sentence>
		<Sentence ic="1" o="0" p="1" pico="0" structural="Conclusion">In an analysis including all time points and adjusted for age, presence of cancer, and Charlson comorbidity score, the adjusted AUC for sFLT-1 was 0.80.</Sentence>
		<Sentence ic="1" o="1" p="1" pico="1" structural="Conclusion">CONCLUSIONS: We found no relationship between different resuscitation strategies and biomarker profiles in sepsis, but we did find that elevated levels of endothelial cell biomarkers of permeability and hemostasis were associated with increased mortality.</Sentence>
		<Sentence ic="0" o="0" p="0" pico="0" structural="Conclusion">TRIAL REGISTRY: ClinicalTrials.gov; No: NCT00510835 and NCT00793442; URL: www.clinicaltrials.gov.</Sentence>
	</Abstract>
</Corpus>