<?xml version='1.0' encoding='utf-8'?>
<Corpus xmlns:xsi="http://www.w3.org/2001/XMLSchema-instance"
	xsi:noNamespaceSchemaLocation="Abstract_Structure_v2.xsd">
	<Abstract id="28126304">
		<Sentence ic="1" o="1" p="1" pico="0" structural="Title">Significance of Co-expression of Epidermal Growth Factor Receptor and Ki67 on Clinical Outcome in Patients With Anal Cancer Treated With Chemoradiotherapy: An Analysis of NRG Oncology RTOG 9811.</Sentence>
		<Sentence ic="1" o="1" p="1" pico="1" structural="Aim/Background">PURPOSE: To measure co-expression of EGFR and Ki67 proteins in pretreatment tumor biopsies of anal cancer patients enrolled on NRG Oncology RTOG 9811, a phase III trial comparing 5-fluorouracil/mitomycin-C/radiation therapy (Arm A) versus 5-fluorouracil/cisplatin/radiation therapy (Arm B), and to correlate expression with clinical outcome.</Sentence>
		<Sentence ic="0" o="1" p="0" pico="0" structural="Aim/Background">METHODS AND MATERIALS: EGFR and Ki67 co-expression was measured after constructing a tissue microarray using fluorescence immunohistochemistry and automated quantitative image analysis.</Sentence>
		<Sentence ic="0" o="1" p="0" pico="0" structural="Aim/Background">The Ki67 score within EGFR high versus low areas (Ki67ratio in EGFRhigh:low) in each tumor core was analyzed at the median, quartiles, and as a continuous variable.</Sentence>
		<Sentence ic="0" o="1" p="0" pico="0" structural="Aim/Background">Associations between the tumor markers and clinical endpoints (overall and disease-free survival, locoregional and colostomy failure, and distant metastases) were explored.</Sentence>
		<Sentence ic="0" o="0" p="1" pico="0" structural="Conclusion">RESULTS: A total of 282 pretreatment tumors were analyzed from NRG Oncology RTOG 9811.</Sentence>
		<Sentence ic="0" o="0" p="0" pico="0" structural="Conclusion">Of evaluated specimens, 183 (65%, n=89, Arm A; n=94, Arm B) were eligible and analyzable.</Sentence>
		<Sentence ic="0" o="1" p="1" pico="0" structural="Conclusion">There were no significant differences in baseline characteristics or outcomes between analyzable and unanalyzable patient cases.</Sentence>
		<Sentence ic="0" o="0" p="0" pico="0" structural="Conclusion">Median follow-up was 6.0 years.</Sentence>
		<Sentence ic="1" o="1" p="1" pico="1" structural="Conclusion">On multivariate analysis, after adjusting for gender, patients with Ki67ratio in EGFRhigh:low median had worse overall survival (hazard ratio 2.41, 95% confidence interval 1.38-4.19, P=.0019) .</Sentence>
		<Sentence ic="1" o="1" p="1" pico="1" structural="Conclusion">After adjusting for N stage and largest tumor dimension, patients with Ki67ratio in EGFRhigh:low  median had a higher risk of a disease-free failure (hazard ratio 1.85, 95% confidence interval 1.18-2.92, P=.0078) .</Sentence>
		<Sentence ic="0" o="1" p="1" pico="0" structural="Conclusion">Technical validation with an independent anal cancer patient cohort was performed and shows a very similar biomarker score distribution.</Sentence>
		<Sentence ic="1" o="1" p="1" pico="1" structural="Conclusion">CONCLUSIONS: High Ki67ratio in EGFRhigh:low is associated with worse clinical outcome in this subset of patients with anal cancer treated with chemoradiation on NRG Oncology RTOG 9811.</Sentence>
		<Sentence ic="1" o="1" p="1" pico="0" structural="Conclusion">Evaluation within a clinical trial will be required to determine whether patients with these tumor characteristics may specifically benefit from an EGFR-targeted therapeutic agent.</Sentence>
	</Abstract>
</Corpus>