<?xml version='1.0' encoding='utf-8'?>
<Corpus xmlns:xsi="http://www.w3.org/2001/XMLSchema-instance"
	xsi:noNamespaceSchemaLocation="Abstract_Structure_v2.xsd">
	<Abstract id="28128973">
		<Sentence ic="1" o="1" p="1" pico="1" structural="Title">The role of volume-load in strength and absolute endurance adaptations in adolescent's performing high- or low-load resistance training.</Sentence>
		<Sentence ic="1" o="1" p="1" pico="1">This study compared high- (HL) and low-load (LL) resistance training (RT) on strength, absolute endurance, volume-load, and their relationships in untrained adolescents.</Sentence>
		<Sentence ic="1" o="0" p="1" pico="0">Thirty-three untrained adolescents of both sexes (males, n = 17; females, n = 16; 14  1 years) were randomly assigned into either (i) HL (n = 17): performing 3 sets of 4-6 repetitions to momentary concentric failure; or (ii) LL (n = 16): performing 2 sets of 12-15 repetitions to momentary concentric failure.</Sentence>
		<Sentence ic="1" o="0" p="0" pico="0">RT was performed for 2/week for 9 weeks.</Sentence>
		<Sentence ic="0" o="1" p="0" pico="0">Change in maximum strength (1 repetition maximum) and absolute muscular endurance for barbell bench press was assessed.</Sentence>
		<Sentence ic="0" o="0" p="0" pico="0">Weekly volume-load was calculated as sets (n)  repetitions (n)  load (kg) .</Sentence>
		<Sentence ic="0" o="1" p="1" pico="0">Ninety-five percent confidence intervals (CIs) revealed that both groups significantly increased in strength and absolute endurance with large effect sizes (d = 1.51-1.66) .</Sentence>
		<Sentence ic="0" o="1" p="0" pico="0">There were no between-group differences for change in strength or absolute endurance.</Sentence>
		<Sentence ic="0" o="1" p="1" pico="0">Ninety-five percent CIs revealed that both groups significantly increased in weekly volume-load with large effect sizes (HL = 1.66, LL = 1.02) .</Sentence>
		<Sentence ic="0" o="1" p="0" pico="0">There were no between-group differences for change in volume-load though average weekly volume-load was significantly greater for LL (p &lt; 0.001) .</Sentence>
		<Sentence ic="0" o="1" p="1" pico="0">Significant Pearson's correlations were found for the HL group between average weekly volume-load and both strength (r = 0.650, p = 0.005) and absolute endurance (r = 0.552, p = 0.022) increases.</Sentence>
		<Sentence ic="1" o="1" p="1" pico="1">Strength and absolute endurance increases do not differ between HL and LL conditions in adolescents when performed to momentary concentric failure.</Sentence>
		<Sentence ic="1" o="1" p="0" pico="0">Under HL conditions greater weekly volume-load is associated with greater strength and absolute endurance increases.</Sentence>
	</Abstract>
</Corpus>