<?xml version='1.0' encoding='utf-8'?>
<Corpus xmlns:xsi="http://www.w3.org/2001/XMLSchema-instance"
	xsi:noNamespaceSchemaLocation="Abstract_Structure_v2.xsd">
	<Abstract id="28178132">
		<Sentence ic="1" o="1" p="1" pico="1" structural="Title">A new method of subtotal thyroidectomy for Graves' disease leaving a unilateral remnant based on the upper pole.</Sentence>
		<Sentence ic="1" o="1" p="0" pico="0" structural="Aim/Background">BACKGROUND: The aim of this prospective randomized study was to evaluate the feasibility of subtotal thyroidectomy with leaving a unilateral remnant based on the upper pole.</Sentence>
		<Sentence ic="1" o="1" p="1" pico="1" structural="Methodology">METHODS: Patients who underwent the subtotal thyroidectomy and isthmusectomy leaving either a unilateral remnant based on the upper pole (Group I, 79 patients) or the bilateral dorsal thyroid tissue remained (Group II, 89 patients) were compared in operation time, blood loss, recurrence, and postoperative complications.</Sentence>
		<Sentence ic="0" o="1" p="0" pico="0" structural="Conclusion">RESULTS: Among 168 patients analyzed, the operation time remained similar, but the blood loss, the reoperation time, and recurrence in Group I were much less than Group II.</Sentence>
		<Sentence ic="0" o="1" p="1" pico="0" structural="Conclusion">In addition, no postoperative hemorrhage occurred in Group I.</Sentence>
		<Sentence ic="0" o="1" p="1" pico="0" structural="Conclusion">Two patients (2.28%) in Group II underwent recurrent laryngeal nerve damages.</Sentence>
		<Sentence ic="0" o="1" p="1" pico="0" structural="Conclusion">Four patients (5.06%) in Group I and 3 patients (3.37%) in Group II experienced transient hypocalcemia.</Sentence>
		<Sentence ic="0" o="1" p="1" pico="0" structural="Conclusion">Recurrence only occurred in Group II.</Sentence>
		<Sentence ic="1" o="1" p="1" pico="1 " structural="Conclusion">CONCLUSION: In terms of blood loss, reoperation time, postoperative complication, and the recurrence, subtotal thyroidectomy with recurrent laryngeal nerves identification and the unilateral superior pole remnant of the gland provides a better outcome than subtotal thyroidectomy with bilateral dorsal thyroid tissue remnant.</Sentence>
	</Abstract>
</Corpus>