<?xml version='1.0' encoding='utf-8'?>
<Corpus xmlns:xsi="http://www.w3.org/2001/XMLSchema-instance"
	xsi:noNamespaceSchemaLocation="Abstract_Structure_v2.xsd">
	<Abstract id="28192819">
		<Sentence ic="1" o="1" p="1" pico="1" structural="Title">MiR-346 and TRAb as Predicative Factors for Relapse in Graves' Disease Within One Year.</Sentence>
		<Sentence ic="1" o="1" p="1" pico="1">Despite the efficacy and safety, antithyroid drug (ATD) therapy for Graves' disease (GD) is associated with a high risk of relapse, especially within the first year.</Sentence>
		<Sentence ic="0" o="0" p="0" pico="0">The inability to predict whether and when relapse may occur is a major problem for ATD therapy.</Sentence>
		<Sentence ic="1" o="1" p="1" pico="1">This study was aimed to investigate potential predicative factors for GD patients after ATD withdrawal.</Sentence>
		<Sentence ic="1" o="0" p="1" pico="0">Consecutive patients newly diagnosed with GD and treated with ATD [methimazole (MMI)] were enrolled in this study.</Sentence>
		<Sentence ic="1" o="1" p="1" pico="1">Univariate and multivariate Cox proportional hazard analyses were used for the analysis of predicative parameters for GD relapse after MMI withdrawal.</Sentence>
		<Sentence ic="0" o="1" p="0" pico="0">Kaplan-Meier survival analysis and log-rank test were utilized for presenting the risk of relapse.</Sentence>
		<Sentence ic="1" o="1" p="1" pico="1">Of the 103 patients included, 67 (65.0%) remained in remission and 36 (35.0%) had a relapse within 1 year after the MMI withdrawal.</Sentence>
		<Sentence ic="1" o="1" p="1" pico="1">The multivariate analysis suggested significant predictive factors for GD relapse: patients with higher miR-346 expressions (median value) at diagnosis and at cessation, and lower TRAb levels at cessation.</Sentence>
		<Sentence ic="1" o="1" p="0" pico="0">MiR-346 at diagnosis and cessation, and TRAb at cessation could serve as predictive factors for GD relapse within 1 year after drug withdrawal.</Sentence>
	</Abstract>
</Corpus>