<?xml version='1.0' encoding='utf-8'?>
<Corpus xmlns:xsi="http://www.w3.org/2001/XMLSchema-instance"
	xsi:noNamespaceSchemaLocation="Abstract_Structure_v2.xsd">
	<Abstract id="28229893">
		<Sentence ic="1" o="0" p="1" pico="0" structural="Title">Safety and efficacy of natalizumab in patients with acute ischaemic stroke (ACTION): a randomised, placebo-controlled, double-blind phase 2 trial.</Sentence>
		<Sentence ic="1" o="1" p="1" pico="1" structural="Aim/Background">BACKGROUND: In animal models of acute ischaemic stroke, blocking of the leukocyte-endothelium adhesion by antagonism of 4 integrin reduces infarct volumes and improves outcomes.</Sentence>
		<Sentence ic="1" o="0" p="1" pico="0" structural="Aim/Background">We assessed the effect of one dose of natalizumab, an antibody against the leukocyte adhesion molecule 4 integrin, in patients with acute ischaemic stroke.</Sentence>
		<Sentence ic="1" o="1" p="1" pico="1" structural="Methodology">METHODS: In this double-blind, phase 2 study, patients with acute ischaemic stroke (aged 18-85 years) from 30 US and European clinical sites were randomly assigned (1:1) to 300 mg intravenous natalizumab or placebo with stratification by treatment window and baseline infarct size.</Sentence>
		<Sentence ic="1" o="0" p="1" pico="0" structural="Methodology">Patients, investigators, and study staff were masked to treatment assignments.</Sentence>
		<Sentence ic="0" o="1" p="1" pico="0" structural="Methodology">The primary endpoint was the change in infarct volume from baseline to day 5 and was assessed in the modified intention-to-treat population.</Sentence>
		<Sentence ic="0" o="1" p="0" pico="0" structural="Methodology">Secondary endpoints were the change in infarct volume from baseline to day 30, and from 24 h to days 5 and 30; the National Institute of Health Stroke Scale (NIHSS) at baseline, 24 h, and at days 5 (or discharge), 30, and 90; and modified Rankin Scale (mRS) and Barthel Index (BI) at days 5 (or discharge), 30, and 90.</Sentence>
		<Sentence ic="0" o="0" p="0" pico="0" structural="Methodology">This trial is registered with ClinicalTrials.gov, number NCT01955707.</Sentence>
		<Sentence ic="1" o="0" p="1" pico="0" structural="Methodology">FINDINGS: Between Dec 16, 2013, and April 9, 2015, 161 patients were randomly assigned to natalizumab (n=79) or placebo (n=82) .</Sentence>
		<Sentence ic="1" o="1" p="0" pico="0" structural="Methodology">Natalizumab did not reduce infarct volume growth from baseline to day 5 compared with placebo (median absolute growth 28 mL [range -8 to 303] vs 22 mL [-11 to 328]; relative growth ratio 109 [90% CI 091-130], p=078) or to day 30 (4 mL [-43 to 121] vs 4 mL [-28 to 180]; 105 [088-127], p=068), from 24 h to day 5 (8 mL [-30 to 177] vs 7 mL [-13 to 204]; 100 [089-112], p=049), and from 24 h to day 30 (-5 mL [-93 to 81] vs -5 mL [-48 to 48]; 098 [087-111], p=040) .</Sentence>
		<Sentence ic="1" o="1" p="1" pico="1" structural="Methodology">No difference was noted between the natalizumab and placebo groups in the NIHSS (score 1 or 8 point improvement) from baseline at 24 h, day 5 (or discharge), day 30 (27 [35%] vs 36 [44%]; odds ratio 069 [90% CI 039-121], p=086), and day 90 (36 [47%] vs 37 [46%]; 110 [063-193], p=039) .</Sentence>
		<Sentence ic="1" o="1" p="1" pico="1" structural="Methodology">More patients in the natalizumab group than in the placebo group had mRS scores of 0 or 1 at day 30 (13 [18%] vs seven [9%]; odds ratio 288 [90% CI 120-693], p=0024) and day 90 (18 [25%] vs 16 [21%]; 148 [074-298], p=018); and BI (score 95) at day 90 (34 [44%] vs 26 [33%]; 191 [107-341], p=0033) but not significantly at day 5 or day 30 (26 [34%] vs 26 [32%]; 113 [063-200], p=037) .</Sentence>
		<Sentence ic="1" o="1" p="1" pico="1" structural="Methodology">Natalizumab and placebo groups had similar incidences of adverse events (77 [99%] of 78 patients vs 81 [99%] of 82 patients), serious adverse events (36 [46%] vs 38 [46%]), and deaths (14 [18%] vs 13 [16%]) .</Sentence>
		<Sentence ic="1" o="1" p="0" pico="0" structural="Methodology">Two patients in the natalizumab group died because of adverse events assessed as related to treatment by the investigator (pneumonia, and septic shock and multiorgan failure) .</Sentence>
		<Sentence ic="1" o="1" p="1" pico="1" structural="Conclusion">Conclusions: INTERPRETATION: Natalizumab administered up to 9 h after stroke onset did not reduce infarct growth.</Sentence>
		<Sentence ic="0" o="0" p="0" pico="0" structural="Conclusion">Treatment-associated benefits on functional outcomes might warrant further investigation.</Sentence>
		<Sentence ic="0" o="0" p="0" pico="0" structural="Conclusion">FUNDING: Biogen.</Sentence>
	</Abstract>
</Corpus>