<?xml version='1.0' encoding='utf-8'?>
<Corpus xmlns:xsi="http://www.w3.org/2001/XMLSchema-instance"
	xsi:noNamespaceSchemaLocation="Abstract_Structure_v2.xsd">
	<Abstract id="28249970">
		<Sentence ic="1" o="1" p="0" pico="0" structural="Title">Local bisphosphonate reduces migration and formation of radiolucent lines adjacent to cemented acetabular components.</Sentence>
		<Sentence ic="0" o="0" p="0" pico="0">AIMS: Post-operative migration of cemented acetabular components as measured by radiostereometric analysis (RSA) has a strong predictive power for late, aseptic loosening.</Sentence>
		<Sentence ic="0" o="0" p="0" pico="0">Also, radiolucent lines predict late loosening.</Sentence>
		<Sentence ic="1" o="1" p="1" pico="0">Migration has been reduced by systemic bisphosphonate treatment in randomised trials of hip and knee arthroplasty.</Sentence>
		<Sentence ic="1" o="0" p="0" pico="0">Used as a local treatment, a higher local dose of bisphosphonate can be achieved without systemic exposure.</Sentence>
		<Sentence ic="0" o="0" p="1" pico="0">We wished to see if this principle could be applied usefully in total hip arthroplasty (THA) .</Sentence>
		<Sentence ic="1" o="0" p="1" pico="0" structural="Methodology">PATIENTS AND METHODS: In this randomised placebo-controlled, double-blinded trial with 60 participants, we compressed gauze soaked in bisphosphonate solution (ibandronate) or saline against the acetabular bone bed immediately before cementing the acetabular component.</Sentence>
		<Sentence ic="0" o="1" p="0" pico="0" structural="Methodology">RSA, classification of radiolucent lines, the Harris Hip Score (HHS) and the Western Ontario McMasters Universities Osteoarthritis Index (WOMAC) were carried out at three-, six-, 12-, and 24-month follow-up.</Sentence>
		<Sentence ic="1" o="1" p="0" pico="0" structural="Conclusion">RESULTS: Migration of the cemented acetabular component relative to the pelvis was reduced by movement almost half in the ibandronate group, when measured as maximum total point or as movement of the femoral head (p = 0.001 and 0.004, respectively) .</Sentence>
		<Sentence ic="0" o="1" p="0" pico="0" structural="Conclusion">Radiolucent lines after one year were classified as absent, partial or complete, and correlated with treatment (rho 0.37; p = 0.004) .</Sentence>
		<Sentence ic="1" o="1" p="0" pico="0" structural="Conclusion">Only three of 30 patients in the ibandronate group had complete lines, compared with 13 of 28 in the placebo group (p = 0.002) .</Sentence>
		<Sentence ic="0" o="1" p="0" pico="0" structural="Conclusion">There were no significant effects on HHS or WOMAC score.</Sentence>
		<Sentence ic="1" o="1" p="0" pico="0" structural="Conclusion">CONCLUSION: Considering the power of RSA to predict loosening of cemented acetabular components, and the likelihood that radiolucent lines indicate risk of loosening, these data suggest that local treatment with a bisphosphonate can reduce the risk of late aseptic loosening.</Sentence>
		<Sentence ic="0" o="0" p="0" pico="0" structural="Conclusion">Cite this article: Bone Joint J 2017;99-B:317-24.</Sentence>
	</Abstract>
</Corpus>