<?xml version='1.0' encoding='utf-8'?>
<Corpus xmlns:xsi="http://www.w3.org/2001/XMLSchema-instance"
	xsi:noNamespaceSchemaLocation="Abstract_Structure_v2.xsd">
	<Abstract id="28282612">
		<Sentence ic="1" o="0" p="1" pico="0" structural="Title">Imatinib induces sustained progression arrest in RECIST progressive desmoid tumours: Final results of a phase II study of the German Interdisciplinary Sarcoma Group (GISG) .</Sentence>
		<Sentence ic="0" o="0" p="0" pico="0" structural="Aim/Background">BACKGROUND: Desmoid tumours describe a rare monoclonal, fibroblastic proliferation characterised by an often unpredictable clinical course.</Sentence>
		<Sentence ic="1" o="0" p="1" pico="0" structural="Aim/Background">Surgery is one therapeutic option for progressing patients, except if mutilating and associated with considerable function loss.</Sentence>
		<Sentence ic="1" o="0" p="0" pico="0" structural="Aim/Background">Different systemic treatment approaches have been investigated and promising results could be demonstrated using imatinib.</Sentence>
		<Sentence ic="1" o="1" p="1" pico="1" structural="Methodology">PATIENTS AND METHODS: We initiated a phase II trial within the German Interdisciplinary Sarcoma Group (GISG) evaluating imatinib to induce progression arrest in desmoid tumour patients being Response Evaluation Criteria in Solid Tumours (RECIST) progressive, not amenable to surgical resection with R0 intent or accompanied by unacceptable function loss (NCT01137916) .</Sentence>
		<Sentence ic="1" o="0" p="1" pico="0" structural="Methodology">Thirty-eight patients (median age 44 years [range: 19-80]; 68% female; 90% Eastern Cooperative Oncology Group (ECOG) performance status 0) were treated with a daily dose of 800 mg imatinib planned over 2 years.</Sentence>
		<Sentence ic="1" o="1" p="0" pico="0" structural="Methodology">The progression arrest rate after 6 months of imatinib treatment (PAR6mo) was the primary end-point.</Sentence>
		<Sentence ic="1" o="1" p="1" pico="1 " structural="Methodology">Patients showing disease progression under imatinib could be treated with nilotinib 800 mg daily.</Sentence>
		<Sentence ic="0" o="0" p="0" pico="0" structural="Methodology">Accrual started in July 2010 in four GISG centres and finalised in September 2013.</Sentence>
		<Sentence ic="0" o="1" p="0" pico="0" structural="Conclusion">RESULTS: The final analysis for the primary end-point in the evaluable patients of the full analysis set revealed a PAR6mo of 65%.</Sentence>
		<Sentence ic="1" o="1" p="0" pico="0" structural="Conclusion">Subsequent progression arrest rates at 9, 12, 15, 18, 21 and 24 months were 65%, 59%, 53%, 53%, 50% and 45%, respectively.</Sentence>
		<Sentence ic="0" o="1" p="0" pico="0" structural="Conclusion">None of the patients died within the study observational period.</Sentence>
		<Sentence ic="0" o="0" p="0" pico="0" structural="Conclusion">Best reported response was seven partial responses at 21 months revealing an overall response rate of 19%.</Sentence>
		<Sentence ic="1" o="1" p="0" pico="0 " structural="Conclusion">Eight patients treated with nilotinib demonstrated a PAR at 3 months of 88% (7/8); no more disease progressions occurred until end of study.</Sentence>
		<Sentence ic="0" o="1" p="0" pico="0" structural="Conclusion">In general imatinib adverse events were mild to moderate.</Sentence>
		<Sentence ic="1" o="1" p="1" pico="1" structural="Conclusion">CONCLUSIONS: Imatinib induces sustained progression arrest in RECIST progressive desmoid tumour patients.</Sentence>
		<Sentence ic="1" o="1" p="0" pico="0" structural="Conclusion">In addition, nilotinib had the potential to stabilise desmoid tumour growth after treatment failure with imatinib.</Sentence>
	</Abstract>
</Corpus>