<?xml version='1.0' encoding='utf-8'?>
<Corpus xmlns:xsi="http://www.w3.org/2001/XMLSchema-instance"
	xsi:noNamespaceSchemaLocation="Abstract_Structure_v2.xsd">
	<Abstract id="28302926">
		<Sentence ic="1" o="1" p="1" pico="1" structural="Title">Long-term effect of sildenafil on echocardiographic parameters in dogs with asymptomatic myxomatous mitral valve degeneration.</Sentence>
		<Sentence ic="0" o="0" p="0" pico="0">Sildenafil is a selective phosphodiesterase-5 inhibitor that has been demonstrated to delay ventricular remodeling in humans and experimental animals.</Sentence>
		<Sentence ic="1" o="1" p="1" pico="1">The aim of this prospective study was to assess the chronic effects of sildenafil administration on echocardiographic indices and N-terminal pro-B-type natriuretic peptide (NT-proBNP) in dogs with naturally occurring, asymptomatic myxomatous mitral valve degeneration.</Sentence>
		<Sentence ic="0" o="0" p="1" pico="0">Thirty client-owned dogs with ACVIM class B1 or B2 were enrolled.</Sentence>
		<Sentence ic="0" o="0" p="0" pico="0">Dogs were randomly assigned to treatment (sildenafil 13 mg/kg, PO, BID for 180 days) or control groups.</Sentence>
		<Sentence ic="0" o="0" p="0" pico="0">A total of 12 dogs completed the 180 days trial in the sildenafil group, whereas 10 dogs remained in control group.</Sentence>
		<Sentence ic="0" o="0" p="0" pico="0">When comparing the difference from baseline values obtained over time between groups, the stroke volume (SV) at day 30 was significantly higher in the sildenafil group (P=0.038) .</Sentence>
		<Sentence ic="0" o="0" p="0" pico="0">The LA/Ao and the MR jet area were significantly lower beginning at day 30 (only MR jet area; P=0.006), day 90 (P=0.006 and P=0.027, respectively) and day 180 (P=0.029 and P=0.032, respectively) .</Sentence>
		<Sentence ic="0" o="0" p="0" pico="0">The 2D-LA was significantly lower at day 90 when compared with control group (P=0.028) .</Sentence>
		<Sentence ic="0" o="0" p="0" pico="0">The differences of NTproBNP from baseline were significantly lower when compared with control group at the same timepoint (D90, P=0.017 and D180, P=0.013) .</Sentence>
		<Sentence ic="1" o="1" p="1" pico="1">In conclusion, this study suggested that long-term treatment with sildenafil prevented aggravation of disease progression as suggested by several echocardiographic indices (ie SV, LA/Ao, MR jet area, 2D-LA) and reduced NTproBNP level at the indicated timepoints in dogs with asymptomatic mitral valve degeneration.</Sentence>
	</Abstract>
</Corpus>