<?xml version='1.0' encoding='utf-8'?>
<Corpus xmlns:xsi="http://www.w3.org/2001/XMLSchema-instance"
	xsi:noNamespaceSchemaLocation="Abstract_Structure_v2.xsd">
	<Abstract id="28336282">
		<Sentence ic="1" o="1" p="1" pico="0" structural="Title">Management of upper eyelid retraction associated with dysthyroid orbitopathy during the acute inflammatory phase with botulinum toxin type A.</Sentence>
		<Sentence ic="1" o="1" p="1" pico="1" structural="Aim/Background">PURPOSE: To evaluate the efficacy of transconjunctival botulinum toxin type A (BTX-A) in the treatment of upper eyelid retraction in the active inflammatory phase of dysthyroid orbitopathy, establish the ideal dose, and evaluate side effects.</Sentence>
		<Sentence ic="0" o="0" p="1" pico="0" structural="Methodology">METHODS: This is a comparative, prospective study in patients with thyroid orbitopathy, conducted at the Conde Ophthalmology Institute in Valenciana, Mexico.</Sentence>
		<Sentence ic="1" o="0" p="1" pico="0" structural="Methodology">The patients included had dysthyroid orbitopathy in the inflammatory phase, and they were treated with subconjunctival injection of botulinum toxin type A (BTX-A) in the upper eyelid.</Sentence>
		<Sentence ic="1" o="0" p="0" pico="0" structural="Methodology">Five units (group 1) and ten units (group 2) of BTX-A, in a single subconjunctival dose were applied to the non-dominant eye.</Sentence>
		<Sentence ic="1" o="1" p="0" pico="0" structural="Methodology">We evaluated visual acuity, margin-to-reflex distance (RPM1), crease height, ocular motility, diplopia and keratitis, before and after administration of the toxin.</Sentence>
		<Sentence ic="0" o="0" p="1" pico="0" structural="Methodology">The patients were followed at one, 4 and 16 weeks, with the Student t-test as a statistical analysis.</Sentence>
		<Sentence ic="0" o="1" p="1" pico="0" structural="Conclusion">RESULTS: At week 4, 15 patients (100%) showed a reduced margin to reflex distance.</Sentence>
		<Sentence ic="0" o="0" p="1" pico="0" structural="Conclusion">The mean result for group 1 was -1.75mm (range -1 to -2.5mm) and group 2 was -2mm (range -1 to -4mm) .</Sentence>
		<Sentence ic="1" o="0" p="1" pico="0" structural="Conclusion">Statistically significant differences were seen between pre-treatment and week 4 in both groups, but no differences between doses.</Sentence>
		<Sentence ic="0" o="1" p="1" pico="0" structural="Conclusion">Complete improvement of keratitis and lagophthalmos was observed in 5 and 2 patients, respectively.</Sentence>
		<Sentence ic="0" o="1" p="1" pico="0" structural="Conclusion">Visual acuity, ocular motility and crease height did not change in 93% of the patients.</Sentence>
		<Sentence ic="0" o="1" p="1" pico="0" structural="Conclusion">One patient (group 1) exhibited complete ptosis and vertical diplopia, which resolved spontaneously at week 6.</Sentence>
		<Sentence ic="1" o="1" p="1" pico="1" structural="Conclusion">CONCLUSION: Transconjunctival BTX-A application is safe and effective for the treatment of eyelid retraction in dysthyroid orbitopathy.</Sentence>
		<Sentence ic="1" o="1" p="0" pico="0" structural="Conclusion">No difference was found between doses.</Sentence>
		<Sentence ic="0" o="1" p="0" pico="0" structural="Conclusion">No severe side effects were reported.</Sentence>
	</Abstract>
</Corpus>