<?xml version='1.0' encoding='utf-8'?>
<Corpus xmlns:xsi="http://www.w3.org/2001/XMLSchema-instance"
	xsi:noNamespaceSchemaLocation="Abstract_Structure_v2.xsd">
	<Abstract id="28350928">
		<Sentence ic="1" o="1" p="1" pico="1" structural="Title">Effect of Total Laparoscopic Hysterectomy vs Total Abdominal Hysterectomy on Disease-Free Survival Among Women With Stage I Endometrial Cancer: A Randomized Clinical Trial.</Sentence>
		<Sentence ic="0" o="0" p="0" pico="0" structural="Aim/Background">Importance: Standard treatment for endometrial cancer involves removal of the uterus, tubes, ovaries, and lymph nodes.</Sentence>
		<Sentence ic="1" o="1" p="0" pico="0" structural="Aim/Background">Few randomized trials have compared disease-free survival outcomes for surgical approaches.</Sentence>
		<Sentence ic="1" o="0" p="1" pico="0" structural="Aim/Background">Objective: To investigate whether total laparoscopic hysterectomy (TLH) is equivalent to total abdominal hysterectomy (TAH) in women with treatment-naive endometrial cancer.</Sentence>
		<Sentence ic="1" o="0" p="1" pico="0" structural="Other">Design, Setting, and Participants: The Laparoscopic Approach to Cancer of the Endometrium (LACE) trial was a multinational, randomized equivalence trial conducted between October 7, 2005, and June 30, 2010, in which 27 surgeons from 20 tertiary gynecological cancer centers in Australia, New Zealand, and Hong Kong randomized 760 women with stage I endometrioid endometrial cancer to either TLH or TAH.</Sentence>
		<Sentence ic="0" o="0" p="0" pico="0" structural="Other">Follow-up ended on March 3, 2016.</Sentence>
		<Sentence ic="1" o="0" p="1" pico="0" structural="Other">Interventions: Patients were randomly assigned to undergo TAH (n=353) or TLH (n=407) .</Sentence>
		<Sentence ic="0" o="1" p="0" pico="0" structural="Conclusion">Main Outcomes and Measures: The primary outcome was disease-free survival, which was measured as the interval between surgery and the date of first recurrence, including disease progression or the development of a new primary cancer or death assessed at 4.5 years after randomization.</Sentence>
		<Sentence ic="0" o="0" p="0" pico="0" structural="Conclusion">The prespecified equivalence margin was 7% or less.</Sentence>
		<Sentence ic="0" o="1" p="0" pico="0" structural="Conclusion">Secondary outcomes included recurrence of endometrial cancer and overall survival.</Sentence>
		<Sentence ic="0" o="0" p="0" pico="0" structural="Conclusion">Results: Patients were followed up for a median of 4.5 years.</Sentence>
		<Sentence ic="0" o="0" p="0" pico="0" structural="Conclusion">Of 760 patients who were randomized (mean age, 63 years), 679 (89%) completed the trial.</Sentence>
		<Sentence ic="1" o="1" p="0" pico="0" structural="Conclusion">At 4.5 years of follow-up, disease-free survival was 81.3% in the TAH group and 81.6% in the TLH group.</Sentence>
		<Sentence ic="0" o="1" p="0" pico="0" structural="Conclusion">The disease-free survival rate difference was 0.3% (favoring TLH; 95% CI, -5.5% to 6.1%; P=.007), meeting criteria for equivalence.</Sentence>
		<Sentence ic="1" o="1" p="0" pico="0" structural="Conclusion">There was no statistically significant between-group difference in recurrence of endometrial cancer (28/353 in TAH group [7.9%] vs 33/407 in TLH group [8.1%]; risk difference, 0.2% [95% CI, -3.7% to 4.0%]; P=.93) or in overall survival (24/353 in TAH group [6.8%] vs 30/407 in TLH group [7.4%]; risk difference, 0.6% [95% CI, -3.0% to 4.2%]; P=.76) .</Sentence>
		<Sentence ic="1" o="1" p="1" pico="1" structural="Conclusion">Conclusions and Relevance: Among women with stage I endometrial cancer, the use of total abdominal hysterectomy compared with total laparoscopic hysterectomy resulted in equivalent disease-free survival at 4.5 years and no difference in overall survival.</Sentence>
		<Sentence ic="1" o="0" p="1" pico="0" structural="Conclusion">These findings support the use of laparoscopic hysterectomy for women with stage I endometrial cancer.</Sentence>
		<Sentence ic="0" o="0" p="0" pico="0" structural="Conclusion">Trial Registration: clinicaltrials.gov Identifier: NCT00096408; Australian New Zealand Clinical Trials Registry: CTRN12606000261516.</Sentence>
	</Abstract>
</Corpus>