<?xml version='1.0' encoding='utf-8'?>
<Corpus xmlns:xsi="http://www.w3.org/2001/XMLSchema-instance"
	xsi:noNamespaceSchemaLocation="Abstract_Structure_v2.xsd">
	<Abstract id="28377173">
		<Sentence ic="1" o="0" p="0" pico="0" structural="Title">Effect of alfacalcidol on the pulmonary function of adult asthmatic patients: A randomized trial.</Sentence>
		<Sentence ic="0" o="0" p="0" pico="0" structural="Aim/Background">BACKGROUND: Despite the use of alfacalcidol in the management of corticosteroid-induced osteoporosis, it has never been considered an adjunct treatment for asthma management.</Sentence>
		<Sentence ic="0" o="0" p="0" pico="0" structural="Aim/Background">It can target vitamin D deficiency, a possible risk factor for asthma, and, hence, improve pulmonary function of patients with asthma.</Sentence>
		<Sentence ic="0" o="0" p="1" pico="0" structural="Aim/Background">OBJECTIVE: To explore the effect of alfacalcidol administration on pulmonary function and study the pattern of vitamin D deficiency in adults with asthma in Egypt.</Sentence>
		<Sentence ic="1" o="0" p="0" pico="0" structural="Methodology">METHODS: Serum 25-hydroxyvitamin D was measured in 115 adults: 33 healthy subjects and 82 patients with asthma.</Sentence>
		<Sentence ic="1" o="0" p="0" pico="0" structural="Methodology">Then, patients with asthma were randomized to receive standard asthma treatment only (n = 39) or receive it in addition to 1 g of alfacalcidol daily for 4 months (n = 43) .</Sentence>
		<Sentence ic="1" o="0" p="0" pico="0" structural="Methodology">Randomization was stratified by the stage of asthma severity.</Sentence>
		<Sentence ic="1" o="0" p="0" pico="0" structural="Methodology">Spirometry and measurement of 25-hydroxyvitamin were performed at baseline and end of follow-up.</Sentence>
		<Sentence ic="0" o="1" p="1" pico="0" structural="Conclusion">RESULTS: Vitamin D deficiency was more common in patients with asthma (57.3%) than in healthy subjects (21.2%; P &lt; .001}.</Sentence>
		<Sentence ic="0" o="1" p="1" pico="0" structural="Conclusion">In patients with asthma, alfacalcidol significantly improved forced expiratory volume in the first second and forced vital capacity (P &lt; .001 for the 2 tests) .</Sentence>
		<Sentence ic="0" o="1" p="0" pico="0" structural="Conclusion">Moreover, more patients in the intervention arm showed improvement in asthma severity stage (P = .04) .</Sentence>
		<Sentence ic="0" o="1" p="0" pico="0" structural="Conclusion">A nonsignificant difference was observed in improvement of forced expiratory volume in the first second between patients with vitamin D deficiency and those without deficiency in the intervention group (P &gt; .05) .</Sentence>
		<Sentence ic="0" o="1" p="1" pico="0" structural="Conclusion">CONCLUSION: Alfacalcidol supplementation improved the pulmonary function and severity stage of adult patients with asthma regardless of deficiency.</Sentence>
		<Sentence ic="0" o="0" p="0" pico="0" structural="Conclusion">TRIAL REGISTRATION: ClinicalTrials.gov Identifier: NCT02747381.</Sentence>
	</Abstract>
</Corpus>