<?xml version='1.0' encoding='utf-8'?>
<Corpus xmlns:xsi="http://www.w3.org/2001/XMLSchema-instance"
	xsi:noNamespaceSchemaLocation="Abstract_Structure_v2.xsd">
	<Abstract id="28384828">
		<Sentence ic="1" o="1" p="1" pico="1" structural="Title">Association Between Early Low-Dose Hydrocortisone Therapy in Extremely Preterm Neonates and Neurodevelopmental Outcomes at 2 Years of Age.</Sentence>
		<Sentence ic="1" o="1" p="1" pico="1" structural="Aim/Background">Importance: Dexamethasone to prevent bronchopulmonary dysplasia in very preterm neonates was associated with adverse neurodevelopmental events.</Sentence>
		<Sentence ic="1" o="1" p="0" pico="0" structural="Aim/Background">Early low-dose hydrocortisone treatment has been reported to improve survival without bronchopulmonary dysplasia but its safety with regard to neurodevelopment remains to be assessed.</Sentence>
		<Sentence ic="1" o="1" p="1" pico="1" structural="Aim/Background">Objective: To assess whether early hydrocortisone therapy in extremely preterm infants is associated with neurodevelopmental impairment at 2 years of age.</Sentence>
		<Sentence ic="1" o="1" p="1" pico="1" structural="Other">Design, Setting, and Participants: An exploratory secondary analysis of the PREMILOC (Early Low-Dose Hydrocortisone to Improve Survival without Bronchopulmonary Dysplasia in Extremely Preterm Infants) randomized clinical trial conducted between 2008 and 2014 in 21 French neonatal intensive care units.</Sentence>
		<Sentence ic="0" o="0" p="0" pico="0" structural="Other">Randomization was stratified by gestational age groups.</Sentence>
		<Sentence ic="0" o="1" p="0" pico="0" structural="Other">Neurodevelopmental assessments were completed from 2010 to 2016.</Sentence>
		<Sentence ic="1" o="0" p="1" pico="0" structural="Other">Interventions: After birth, patients were randomly assigned to receive placebo or hydrocortisone (0.5 mg/kg twice per day for 7 days, followed by 0.5 mg/kg per day for 3 days) .</Sentence>
		<Sentence ic="1" o="1" p="0" pico="0" structural="Conclusion">Main Outcomes and Measures: The prespecified exploratory secondary outcome of neurodevelopmental impairment was based on a standardized neurological examination and the revised Brunet-Lzine scale (global developmental quotient score and subscores; mean norm, 100 [SD, 15]) .</Sentence>
		<Sentence ic="0" o="0" p="0" pico="0" structural="Conclusion">The minimal clinically important difference on the global developmental quotient was 5 points.</Sentence>
		<Sentence ic="1" o="1" p="0" pico="0" structural="Conclusion">Results: Of 1072 neonates screened, 523 were assigned to hydrocortisone (n=256) or placebo (n=267) and 406 survived to 2 years of age.</Sentence>
		<Sentence ic="1" o="0" p="1" pico="0" structural="Conclusion">A total of 379 patients (93%; 46% female) were evaluated (194 in the hydrocortisone group and 185 in the placebo group) at a median corrected age of 22 months (interquartile range, 21-23 months) .</Sentence>
		<Sentence ic="0" o="1" p="1" pico="0" structural="Conclusion">The distribution of patients without neurodevelopmental impairment (73% in the hydrocortisone group vs 70% in the placebo group), with mild neurodevelopmental impairment (20% in the hydrocortisone group vs 18% in the placebo group), or with moderate to severe neurodevelopmental impairment (7% in the hydrocortisone group vs 11% in the placebo group) was not statistically significantly different between groups (P=.33) .</Sentence>
		<Sentence ic="0" o="1" p="1" pico="0" structural="Conclusion">The mean global developmental quotient score was not statistically significantly different between groups (91.7 in the hydrocortisone group vs 91.4 in the placebo group; between-group difference, 0.3 [95% CI, -2.7 to 3.4]; P=.83) .</Sentence>
		<Sentence ic="0" o="1" p="0" pico="0" structural="Conclusion">(The incidence of cerebral palsy or other major neurological impairments was not significantly different between groups.</Sentence>
		<Sentence ic="1" o="1" p="1" pico="1" structural="Conclusion">Conclusions and Relevance: In this exploratory analysis of secondary outcomes of a randomized clinical trial of extremely preterm infants, early low-dose hydrocortisone was not associated with a statistically significant difference in neurodevelopment at 2 years of age.</Sentence>
		<Sentence ic="1" o="1" p="1" pico="1" structural="Conclusion">Further randomized studies are needed to provide definitive assessment of the neurodevelopmental safety of hydrocortisone in extremely preterm infants.</Sentence>
		<Sentence ic="0" o="0" p="0" pico="0" structural="Conclusion">Trial Registration: clinicaltrials.gov Identifier: NCT00623740.</Sentence>
	</Abstract>
</Corpus>