<?xml version='1.0' encoding='utf-8'?>
<Corpus xmlns:xsi="http://www.w3.org/2001/XMLSchema-instance"
	xsi:noNamespaceSchemaLocation="Abstract_Structure_v2.xsd">
	<Abstract id="28398014">
		<Sentence ic="0" o="1" p="1" pico="0" structural="Title">Brain-responsive neurostimulation in patients with medically intractable mesial temporal lobe epilepsy.</Sentence>
		<Sentence ic="0" o="1" p="1" pico="0" structural="Aim/Background">OBJECTIVE: Evaluate the seizure-reduction response and safety of mesial temporal lobe (MTL) brain-responsive stimulation in adults with medically intractable partial-onset seizures of mesial temporal lobe origin.</Sentence>
		<Sentence ic="0" o="0" p="1" pico="0" structural="Methodology">METHODS: Subjects with mesial temporal lobe epilepsy (MTLE) were identified from prospective clinical trials of a brain-responsive neurostimulator (RNS System, NeuroPace) .</Sentence>
		<Sentence ic="0" o="0" p="0" pico="0" structural="Methodology">The seizure reduction over years 2-6 postimplantation was calculated by assessing the seizure frequency compared to a preimplantation baseline.</Sentence>
		<Sentence ic="0" o="0" p="0" pico="0" structural="Methodology">Safety was assessed based on reported adverse events.</Sentence>
		<Sentence ic="0" o="0" p="1" pico="0" structural="Conclusion">RESULTS: There were 111 subjects with MTLE; 72% of subjects had bilateral MTL onsets and 28% had unilateral onsets.</Sentence>
		<Sentence ic="0" o="0" p="0" pico="0" structural="Conclusion">Subjects had one to four leads placed; only two leads could be connected to the device.</Sentence>
		<Sentence ic="0" o="0" p="0" pico="0" structural="Conclusion">Seventy-six subjects had depth leads only, 29 had both depth and strip leads, and 6 had only strip leads.</Sentence>
		<Sentence ic="0" o="0" p="0" pico="0" structural="Conclusion">The mean follow-up was 6.1  (standard deviation) 2.2 years.</Sentence>
		<Sentence ic="0" o="1" p="0" pico="0" structural="Conclusion">The median percent seizure reduction was 70% (last observation carried forward) .</Sentence>
		<Sentence ic="0" o="1" p="0" pico="0" structural="Conclusion">Twenty-nine percent of subjects experienced at least one seizure-free period of 6 months or longer, and 15% experienced at least one seizure-free period of 1 year or longer.</Sentence>
		<Sentence ic="1" o="1" p="0" pico="0" structural="Conclusion">There was no difference in seizure reduction in subjects with and without mesial temporal sclerosis (MTS), bilateral MTL onsets, prior resection, prior intracranial monitoring, and prior vagus nerve stimulation.</Sentence>
		<Sentence ic="0" o="1" p="0" pico="0" structural="Conclusion">In addition, seizure reduction was not dependent on the location of depth leads relative to the hippocampus.</Sentence>
		<Sentence ic="0" o="1" p="0" pico="0" structural="Conclusion">The most frequent serious device-related adverse event was soft tissue implant-site infection (overall rate, including events categorized as device-related, uncertain, or not device-related: 0.03 per implant year, which is not greater than with other neurostimulation devices) .</Sentence>
		<Sentence ic="1" o="1" p="1" pico="1" structural="Conclusion">Conclusions: SIGNIFICANCE: Brain-responsive stimulation represents a safe and effective treatment option for patients with medically intractable epilepsy, including patients with unilateral or bilateral MTLE who are not candidates for temporal lobectomy or who have failed a prior MTL resection.</Sentence>
	</Abstract>
</Corpus>