<?xml version='1.0' encoding='utf-8'?>
<Corpus xmlns:xsi="http://www.w3.org/2001/XMLSchema-instance"
	xsi:noNamespaceSchemaLocation="Abstract_Structure_v2.xsd">
	<Abstract id="28395124">
		<Sentence ic="1" o="0" p="1" pico="0" structural="Title">Comparison of levetiracetam and oxcarbazepine monotherapy among Korean patients with newly diagnosed focal epilepsy: A long-term, randomized, open-label trial.</Sentence>
		<Sentence ic="1" o="1" p="1" pico="0">This open-label, multicenter, randomized phase IV trial (NCT01498822) of noninferiority design compared the long-term effectiveness, safety, and tolerability of levetiracetam (LEV) monotherapy with those of oxcarbazepine (OXC) monotherapyin adults with newly diagnosed focal epilepsy.</Sentence>
		<Sentence ic="1" o="0" p="1" pico="0">Korean patients (16-80 years), with 2 unprovoked focal seizures in the year preceding the trial, who had not taken any antiepileptic drugs (AEDs) in the last 6 months, were randomized to receive LEV or OXC (1:1) .</Sentence>
		<Sentence ic="0" o="0" p="0" pico="0">Effectiveness, safety, and tolerability were assessed over a 50-week period.</Sentence>
		<Sentence ic="1" o="1" p="0" pico="0">Treatment failure rates (per protocol set) were 15/118 (12.7%) in the LEV-treated group and 30/128 (23.4%) in the OXC-treated group, an absolute difference of -10.7% (95% confidence interval [CI] -20.2, -1.2) .</Sentence>
		<Sentence ic="0" o="0" p="0" pico="0">Because the upper 95% CI limit was less than the pre-specified noninferiority margin of 15%, LEV was considered noninferior to OXC.</Sentence>
		<Sentence ic="1" o="1" p="0" pico="0">Twenty-four-week and 48-week seizure freedom rates were 53.8% and 34.7% for LEV vs. 58.5% and 40.9% for OXC.</Sentence>
		<Sentence ic="1" o="1" p="0" pico="0">Both LEV and OXCwere well tolerated, with 8.7% and 8.6% of patients reporting serious treatment-emergent adverse events, respectively.</Sentence>
		<Sentence ic="1" o="1" p="1" pico="1">By comparing LEV with OXC, another newer AED, LEV can be considered a useful option as initial monotherapy for patients with newly diagnosed focal epilepsy.</Sentence>
	</Abstract>
</Corpus>