<?xml version='1.0' encoding='utf-8'?>
<Corpus xmlns:xsi="http://www.w3.org/2001/XMLSchema-instance"
	xsi:noNamespaceSchemaLocation="Abstract_Structure_v2.xsd">
	<Abstract id="28419032">
		<Sentence ic="1" o="0" p="1" pico="0" structural="Title">Formal Physical Therapy After Total Hip Arthroplasty Is Not Required: A Randomized Controlled Trial.</Sentence>
		<Sentence ic="1" o="1" p="1" pico="0" structural="Aim/Background">BACKGROUND: The value of formal physical therapy after total hip arthroplasty is unknown.</Sentence>
		<Sentence ic="1" o="1" p="1" pico="0" structural="Aim/Background">With substantial changes that have occurred in surgical and anesthesia techniques, self-directed therapy may be efficacious in restoring function to patients undergoing total hip arthroplasty.</Sentence>
		<Sentence ic="0" o="0" p="1" pico="0" structural="Methodology">METHODS: We conducted a single-center, randomized trial of 120 patients undergoing primary, unilateral total hip arthroplasty who were eligible for direct home discharge.</Sentence>
		<Sentence ic="1" o="0" p="0" pico="0" structural="Methodology">The experimental group followed a self-directed home exercise program for 10 weeks.</Sentence>
		<Sentence ic="1" o="0" p="0" pico="0" structural="Methodology">The control group received the standard protocol for physical therapy that included in-home visits with a physical therapist for the first 2 weeks followed by formal outpatient physical therapy for 8 weeks.</Sentence>
		<Sentence ic="0" o="1" p="0" pico="0" structural="Methodology">Functional outcomes were measured using validated instruments including the Harris hip score (HHS), the Western Ontario and McMaster Universities Osteoarthritis Index (WOMAC), and the Short Form-36 Health Survey (SF-36) preoperatively, at 1 month postoperatively, and at 6 to 12 months postoperatively.</Sentence>
		<Sentence ic="0" o="0" p="1" pico="0" structural="Conclusion">RESULTS: Of 120 randomized patients, 108 were included in the final analysis.</Sentence>
		<Sentence ic="1" o="0" p="1" pico="0" structural="Conclusion">Ten patients (19%) were randomized to unsupervised home exercise and 20 patients (37%) were randomized to formal outpatient therapy crossed over between groups.</Sentence>
		<Sentence ic="1" o="1" p="0" pico="0" structural="Conclusion">There was no significant difference in any of the measured functional outcomes between patients receiving formal therapy (n = 54) and those participating in unsupervised home exercise (n = 54) at any time point (HHS, p = 0.82; WOMAC, p = 0.80; and SF-36 physical health, p = 0.90) .</Sentence>
		<Sentence ic="1" o="1" p="1" pico="0" structural="Conclusion">CONCLUSIONS: This randomized trial suggests that unsupervised home exercise is both safe and efficacious for a majority of patients undergoing total hip arthroplasty, and formal physical therapy may not be required.</Sentence>
		<Sentence ic="0" o="0" p="0" pico="0" structural="Conclusion">LEVEL OF EVIDENCE: Therapeutic Level I.</Sentence>
		<Sentence ic="0" o="0" p="0" pico="0" structural="Conclusion">See Instructions for Authors for a complete description of levels of evidence.</Sentence>
	</Abstract>
</Corpus>