<?xml version='1.0' encoding='utf-8'?>
<Corpus xmlns:xsi="http://www.w3.org/2001/XMLSchema-instance"
	xsi:noNamespaceSchemaLocation="Abstract_Structure_v2.xsd">
	<Abstract id="28429905">
		<Sentence ic="0" o="1" p="1" pico="0" structural="Title">Maintenance vitamin D3 dosage requirements in Chinese women with post menopausal osteoporosis living in the tropics.</Sentence>
		<Sentence ic="0" o="0" p="1" pico="0" structural="Aim/Background">BACKGROUND AND OBJECTIVES: Vitamin D3 (cholecalciferol) dose required to maintain sufficiency in non- Caucasian women with postmenopausal osteoporosis (PMO) in the tropics has not been well studied.</Sentence>
		<Sentence ic="0" o="0" p="0" pico="0" structural="Aim/Background">Some guidelines mandate 800-1000 IU vitamin D/day but the Endocrine Society (US) advocates 1500-2000 IU/day to maintain 25-hydroxyvitamin-D (25(OH)D) concentration at &gt;75 nmol/L.</Sentence>
		<Sentence ic="0" o="0" p="1" pico="0" structural="Aim/Background">We aimed to establish oral cholecalciferol dose required to maintain 25(OH)D concentration at &gt;75 nmol/L in PMO Chinese Malaysian women, postulating lower dose requirements amongst light-skinned subjects in the tropics.</Sentence>
		<Sentence ic="0" o="0" p="1" pico="0" structural="Aim/Background">METHODS AND STUDY DESIGN: 90 Chinese Malaysian PMO women in Kuala Lumpur, Malaysia (230'N) with baseline serum 25(OH)D levels &gt;=50 nmol/L were recruited.</Sentence>
		<Sentence ic="1" o="0" p="0" pico="0" structural="Aim/Background">Prior vitamin D supplements were discontinued and subjects randomized to oral cholecalciferol 25,000 IU/4-weekly (Group-A) or 50,000 IU/4-weekly (Group- B) for 16 weeks, administered under direct observation.</Sentence>
		<Sentence ic="1" o="0" p="0" pico="0" structural="Aim/Background">Serum 25(OH)D, PTH, serum/urinary calcium were measured at baseline, 8 and 16 weeks.</Sentence>
		<Sentence ic="0" o="1" p="0" pico="0" structural="Conclusion">RESULTS: Baseline characteristics, including osteoporosis severity, sun exposure (~3 hours/week), and serum 25(OH)D did not differ between treatment arms.</Sentence>
		<Sentence ic="0" o="1" p="0" pico="0" structural="Conclusion">After 16 weeks, 91% of women sufficient at baseline, remained sufficient on 25,000 IU/4-weekly compared with 97% on 50,000 IU/4-weekly with mean serum 25(OH)D 108.120.4 and 114.718.4 SD nmol/L respectively (p=0.273) .</Sentence>
		<Sentence ic="0" o="1" p="0" pico="0" structural="Conclusion">At trial's end, 39% and 80% of insufficient women at baseline attained sufficiency in Group A and Group B (p=0.057) .</Sentence>
		<Sentence ic="0" o="1" p="0" pico="0" structural="Conclusion">Neither dose was associated with hyperparathyroidism or toxicity.</Sentence>
		<Sentence ic="0" o="1" p="1" pico="0" structural="Conclusion">CONCLUSIONS: Despite pretrial vitamin D supplementation and adequate sun exposure, 25.6% Chinese Malaysian PMO women were vitamin D insufficient indicating sunshine alone cannot ensure sufficiency in the tropics.</Sentence>
		<Sentence ic="0" o="1" p="1" pico="0" structural="Conclusion">Both ~900 IU/day and ~1800 IU/day cholecalciferol can safely maintain vitamin D sufficiency in &gt;90% of Chinese Malaysian PMO women.</Sentence>
		<Sentence ic="0" o="1" p="0" pico="0" structural="Conclusion">Higher doses are required with baseline concentration &lt;75 nmol/L.</Sentence>
	</Abstract>
</Corpus>