<?xml version='1.0' encoding='utf-8'?>
<Corpus xmlns:xsi="http://www.w3.org/2001/XMLSchema-instance"
	xsi:noNamespaceSchemaLocation="Abstract_Structure_v2.xsd">
	<Abstract id="28437154">
		<Sentence ic="1" o="1" p="1" pico="1" structural="Title">PREDICTION OF RELAPSE FROM HYPERTHYROIDISM FOLLOWING ANTITHYROID MEDICATION WITHDRAWAL USING TECHNETIUM THYROID UPTAKE SCANNING.</Sentence>
		<Sentence ic="0" o="0" p="0" pico="0" structural="Aim/Background">OBJECTIVE: Technetium thyroid uptake (TTU) is not inhibited by antithyroid drugs (ATD) and reflects the degree of thyroid stimulation.</Sentence>
		<Sentence ic="0" o="0" p="0" pico="0" structural="Aim/Background">We intended to predict the relapse rate from hyperthyroidism based on TTU measurement.</Sentence>
		<Sentence ic="0" o="0" p="1" pico="0" structural="Methodology">METHODS: Out of 44 initially enrolled subjects, 38 patients aged 41.6  14.6 with Graves disease (duration: 84  78 months) completed the study.</Sentence>
		<Sentence ic="1" o="0" p="0" pico="0" structural="Methodology">TTU was performed with 40-second imaging of the neck and mediastinum 20 minutes after injection of 1 mCi technetium-99m pertechnetate.</Sentence>
		<Sentence ic="0" o="0" p="0" pico="0" structural="Methodology">TTU was measured as the percentage of the count of activity accumulated in the thyroidal region minus the mediastinal background uptake to the count of 1 mCi technetium-99m under the same acquisition conditions.</Sentence>
		<Sentence ic="1" o="0" p="0" pico="0" structural="Methodology">Then methimazole was stopped and patients were followed.</Sentence>
		<Sentence ic="0" o="0" p="0" pico="0" structural="Methodology">The optimal TTU cutoff value for Graves relapse prediction was calculated using Youden's J statistic.</Sentence>
		<Sentence ic="0" o="1" p="0" pico="0" structural="Conclusion">RESULTS: Hyperthyroidism relapsed in 11 (28.9%) patients 122  96 (range: 15-290) days post-ATD withdrawal.</Sentence>
		<Sentence ic="0" o="0" p="0" pico="0" structural="Conclusion">The subjects in remission were followed for 209  81 days (range: 88-390) .</Sentence>
		<Sentence ic="0" o="0" p="0" pico="0" structural="Conclusion">TTU was significantly higher in patients with forthcoming relapse (12.0  8.0 vs. 3.9  2.0, P = .007) .</Sentence>
		<Sentence ic="0" o="1" p="0" pico="0" structural="Conclusion">The difference was significant after adjustment for age, sex, history of previous relapse, disease duration, and thyroid-stimulating hormone (TSH) levels before withdrawal.</Sentence>
		<Sentence ic="0" o="0" p="0" pico="0" structural="Conclusion">The area under the receiver operative characteristic (ROC) curve was 0.87.</Sentence>
		<Sentence ic="0" o="0" p="0" pico="0" structural="Conclusion">The optimal TTU cutoff value for classification of subjects with relapse and remission was 8.7 with sensitivity, specificity, and positive and negative predictive value of 73%, 100%, 100%, and 90%, respectively (odds ratio [OR] = 10.0; 95% confidence interval [CI]: 3.4-29.3) .</Sentence>
		<Sentence ic="1" o="1" p="1" pico="1" structural="Conclusion">CONCLUSION: TTU evaluation in hyperthyroid patients receiving antithyroid medication is an accurate and practical method for predicting relapse after ATD withdrawal.</Sentence>
		<Sentence ic="0" o="0" p="0" pico="0" structural="Conclusion">ABBREVIATIONS: ATD = antithyroid drugs RIU = radio-iodine uptake TSH = thyroid-stimulating hormone TSI = thyroid-stimulating immunoglobulin TTU = technetium thyroid uptake.</Sentence>
	</Abstract>
</Corpus>