<?xml version='1.0' encoding='utf-8'?>
<Corpus xmlns:xsi="http://www.w3.org/2001/XMLSchema-instance"
	xsi:noNamespaceSchemaLocation="Abstract_Structure_v2.xsd">
	<Abstract id="28431191">
		<Sentence ic="1" o="0" p="1" pico="0" structural="Title">Timing for the Introduction of Cycled Light for Extremely Preterm Infants: A Randomized Controlled Trial.</Sentence>
		<Sentence ic="1" o="1" p="1" pico="1 ">Day-night cycled light improves health outcomes in preterm infants, yet the best time to institute cycled light is unclear.</Sentence>
		<Sentence ic="1" o="1" p="1" pico="1">The hypothesis of this study was that extremely preterm infants receiving early cycled light would have better health and developmental outcomes than infants receiving late cycled light.</Sentence>
		<Sentence ic="1" o="0" p="1" pico="0">Infants born at 28 weeks gestation were randomly assigned to early cycled light (ECL) starting at 28 weeks postmenstrual age [PMA] or late cycled light (LCL), starting at 36 weeks PMA.</Sentence>
		<Sentence ic="1" o="0" p="0" pico="0">Daylight was 200-600 lux and night was 5-30 lux .</Sentence>
		<Sentence ic="0" o="0" p="0" pico="0">Primary outcomes were weight over time and length of hospitalization.</Sentence>
		<Sentence ic="0" o="1" p="0" pico="0">Secondary outcomes were hospital costs, sleep development, and neurodevelopment at 9, 18, and 24 months corrected age.</Sentence>
		<Sentence ic="0" o="0" p="1" pico="0">Of 121 infants randomized, 118 were included in analysis.</Sentence>
		<Sentence ic="0" o="1" p="0" pico="0">Weight gain in the two groups did not differ significantly but increased across time in both groups.</Sentence>
		<Sentence ic="0" o="0" p="0" pico="0">In PMA weeks 36-44, the mean weight gain was 193.8 grams in the ECL group compared to 176.3 grams in the LCL group.</Sentence>
		<Sentence ic="0" o="0" p="0" pico="0">Effect sizes for weight were Cohen d=0.26 and 0.36 for 36 and 44 weeks PMA.</Sentence>
		<Sentence ic="1" o="1" p="1" pico="1">Infants in the ECL group went home an average of 5.5 days earlier than the LCL group, but this difference was not statistically significant.</Sentence>
		<Sentence ic="0" o="1" p="0" pico="0">There were no group differences on neurodevelopmental outcomes.</Sentence>
		<Sentence ic="1" o="1" p="0" pico="0">Although statistically non-significant, clinically important differences of improved weight gain and decreased hospital stay were observed with ECL.</Sentence>
		<Sentence ic="1" o="1" p="1" pico="1">The small observed effect sizes on weight during hospitalization should be considered in future cycled light research with extremely preterm infants.</Sentence>
		<Sentence ic="0" o="0" p="0" pico="0">2017 Wiley Periodicals, Inc .</Sentence>
	</Abstract>
</Corpus>