<?xml version='1.0' encoding='utf-8'?>
<Corpus xmlns:xsi="http://www.w3.org/2001/XMLSchema-instance"
	xsi:noNamespaceSchemaLocation="Abstract_Structure_v2.xsd">
	<Abstract id="28448664">
		<Sentence ic="1" o="0" p="1" pico="0" structural="Title">Assessment of Lower Doses of Intravitreous Bevacizumab for Retinopathy of Prematurity: A Phase 1 Dosing Study.</Sentence>
		<Sentence ic="1" o="1" p="1" pico="1" structural="Aim/Background">Importance: Intravitreous bevacizumab (0.25 to 0.625 mg) is increasingly used to treat type 1 retinopathy of prematurity (ROP), but there remain concerns about systemic toxicity.</Sentence>
		<Sentence ic="0" o="0" p="0" pico="0" structural="Aim/Background">A much lower dose may be effective while reducing systemic risk.</Sentence>
		<Sentence ic="0" o="0" p="0" pico="0" structural="Aim/Background">Objective: To find a dose of intravitreous bevacizumab that was lower than previously used for severe ROP, was effective in this study, and could be tested in future larger studies.</Sentence>
		<Sentence ic="1" o="0" p="1" pico="0" structural="Other">Design, Setting, and Participants: Between May 2015 and September 2016, 61 premature infants with type 1 ROP in 1 or both eyes were enrolled in a masked, multicenter, phase 1 dose de-escalation study.</Sentence>
		<Sentence ic="1" o="0" p="1" pico="0" structural="Other">One eye of 10 to 14 infants received 0.25 mg of intravitreous bevacizumab.</Sentence>
		<Sentence ic="0" o="0" p="0" pico="0" structural="Other">If successful, the dose was reduced for the next group of infants (to 0.125 mg, then 0.063 mg, and finally 0.031 mg) .</Sentence>
		<Sentence ic="1" o="0" p="0" pico="0" structural="Other">Diluted bevacizumab was delivered using 300 L syringes with 5/16-inch, 30-gauge fixed needles.</Sentence>
		<Sentence ic="1" o="0" p="0" pico="0" structural="Other">Interventions: Bevacizumab injections at 0.25 mg, 0.125 mg, 0.063 mg, and 0.031 mg .</Sentence>
		<Sentence ic="0" o="0" p="0" pico="0" structural="Conclusion">Main Outcomes and Measures: Success was defined as improvement in preinjection plus disease or zone I stage 3 ROP by 5 days after injection or sooner, and no recurrence of type 1 ROP or severe neovascularization requiring additional treatment within 4 weeks.</Sentence>
		<Sentence ic="0" o="0" p="0" pico="0" structural="Conclusion">Results: Fifty-eight of 61 enrolled infants had 4-week outcomes completed; mean birth weight was 709 g and mean gestational age was 24.9 weeks.</Sentence>
		<Sentence ic="0" o="0" p="0" pico="0" structural="Conclusion">Success was achieved in 11 of 11 eyes at 0.25 mg, 14 of 14 eyes at 0.125 mg, 21 of 24 eyes at 0.063 mg, and 9 of 9 eyes at 0.031 mg .</Sentence>
		<Sentence ic="1" o="0" p="0" pico="0" structural="Conclusion">Conclusions and Relevance: A dose of bevacizumab as low as 0.031 mg was effective in 9 of 9 eyes in this phase 1 study and warrants further investigation.</Sentence>
		<Sentence ic="1" o="1" p="0" pico="0" structural="Conclusion">Identifying a lower effective dose of bevacizumab may reduce the risk for neurodevelopmental disability or detrimental effects on other organs.</Sentence>
	</Abstract>
</Corpus>