<?xml version='1.0' encoding='utf-8'?>
<Corpus xmlns:xsi="http://www.w3.org/2001/XMLSchema-instance"
	xsi:noNamespaceSchemaLocation="Abstract_Structure_v2.xsd">
	<Abstract id="28454798">
		<Sentence ic="1" o="1" p="1" pico="1" structural="Title">The Design of the Valsartan for Attenuating Disease Evolution in Early Sarcomeric Hypertrophic Cardiomyopathy (VANISH) Trial.</Sentence>
		<Sentence ic="0" o="1" p="0" pico="0" structural="Aim/Background">Background: Hypertrophic cardiomyopathy (HCM) is often caused by sarcomere gene mutations, resulting in left ventricular hypertrophy (LVH), myocardial fibrosis, and increased risk of sudden cardiac death and heart failure.</Sentence>
		<Sentence ic="1" o="1" p="1" pico="1" structural="Aim/Background">Studies in mouse models of sarcomeric HCM demonstrated that early treatment with an angiotensin receptor blocker (ARB) reduced development of LVH and fibrosis.</Sentence>
		<Sentence ic="0" o="0" p="0" pico="0" structural="Aim/Background">In contrast, prior human studies using ARBs for HCM have targeted heterogeneous adult cohorts with well-established disease.</Sentence>
		<Sentence ic="1" o="1" p="0" pico="0" structural="Aim/Background">The VANISH trial is testing the safety and feasibility of disease-modifying therapy with an ARB in genotyped HCM patients with early disease.</Sentence>
		<Sentence ic="1" o="0" p="0" pico="0" structural="Methodology">Methods: A randomized, placebo-controlled, double-blind clinical trial is being conducted in sarcomere mutation carriers, 8 to 45 years old, with HCM and no/minimal symptoms, or those with early phenotypic manifestations but no LVH.</Sentence>
		<Sentence ic="1" o="0" p="0" pico="0" structural="Methodology">Participants are randomly assigned to receive valsartan 80 to 320 mg daily (depending on age and weight) or placebo.</Sentence>
		<Sentence ic="0" o="1" p="0" pico="0" structural="Methodology">The primary endpoint is a composite of 9 z-scores in domains representing myocardial injury/hemodynamic stress, cardiac morphology, and function.</Sentence>
		<Sentence ic="0" o="0" p="0" pico="0" structural="Methodology">Total z-scores reflecting change from baseline to final visits will be compared between treatment groups.</Sentence>
		<Sentence ic="0" o="1" p="0" pico="0" structural="Methodology">Secondary endpoints will assess the impact of treatment on mutation carriers without LVH, and analyze the influence of age, sex, and genotype.</Sentence>
		<Sentence ic="0" o="0" p="0" pico="0" structural="Conclusion">Conclusions: The VANISH trial is testing a new strategy of disease modification for treating sarcomere mutation carriers with early HCM, and those at risk for its development.</Sentence>
		<Sentence ic="0" o="0" p="0" pico="0" structural="Conclusion">In addition, further insight into disease mechanisms, response to therapy, and phenotypic evolution will be gained.</Sentence>
	</Abstract>
</Corpus>