<?xml version='1.0' encoding='utf-8'?>
<Corpus xmlns:xsi="http://www.w3.org/2001/XMLSchema-instance"
	xsi:noNamespaceSchemaLocation="Abstract_Structure_v2.xsd">
	<Abstract id="28455473">
		<Sentence ic="1" o="1" p="1" pico="0" structural="Title">Radiological and clinical comparison of kinematically versus mechanically aligned total knee arthroplasty.</Sentence>
		<Sentence ic="1" o="1" p="1" pico="1">AIMS: The aim of this study was to compare the post-operative radiographic and clinical outcomes between kinematically and mechanically aligned total knee arthroplasties (TKAs) .</Sentence>
		<Sentence ic="1" o="0" p="1" pico="0" structural="Methodology">PATIENTS AND METHODS: A total of 60 TKAs (30 kinematically and 30 mechanically aligned) were performed in 60 patients with varus osteoarthritis of the knee using a navigation system.</Sentence>
		<Sentence ic="0" o="1" p="0" pico="0" structural="Methodology">The angles of orientation of the joint line in relation to the floor, the conventional and true mechanical axis (tMA) (the line from the centre of the hip to the lowest point of the calcaneus) were compared, one year post-operatively, on single-leg and double-leg standing long leg radiographs between the groups.</Sentence>
		<Sentence ic="0" o="1" p="0" pico="0" structural="Methodology">The range of movement and 2011 Knee Society Scores were also compared between the groups at that time.</Sentence>
		<Sentence ic="1" o="1" p="0" pico="0" structural="Conclusion">RESULTS: The angles of orientation of the joint line in the kinematic group changed from slight varus on double-leg standing to slight valgus with single-leg standing.</Sentence>
		<Sentence ic="1" o="1" p="0" pico="0" structural="Conclusion">The mechanical axes in the kinematic group passed through a neutral position of the knee in the true condition when the calcaneus was considered.</Sentence>
		<Sentence ic="1" o="1" p="0" pico="0" structural="Conclusion">The post-operative angles of flexion and functional activity scores were significantly better in the kinematic than in the mechanical group (p &lt; 0.003 and 0.03, respectively) .</Sentence>
		<Sentence ic="1" o="1" p="1" pico="1" structural="Conclusion">CONCLUSION: A kinematically aligned TKA results in a joint line which has a more parallel orientation in relation to the floor during single- and double-leg standing, and more neutral weight-bearing in tMA than a mechanically aligned TKA.</Sentence>
		<Sentence ic="0" o="0" p="0" pico="0" structural="Conclusion">Cite this article: Bone Joint J 2017;99-B:640-6.</Sentence>
	</Abstract>
</Corpus>