<?xml version='1.0' encoding='utf-8'?>
<Corpus xmlns:xsi="http://www.w3.org/2001/XMLSchema-instance"
	xsi:noNamespaceSchemaLocation="Abstract_Structure_v2.xsd">
	<Abstract id="28455295">
		<Sentence ic="1" o="1" p="1" pico="1" structural="Title">Impact of stroke volume on cardiovascular risk during progression of aortic valve stenosis.</Sentence>
		<Sentence ic="1" o="1" p="1" pico="1" structural="Aim/Background">Objective: In severe aortic valve stenosis (AS), low left ventricular (LV) stroke volume has been associated with increased cardiovascular (CV) mortality, but this association has not been explored during progression of AS in a large prospective study.</Sentence>
		<Sentence ic="1" o="0" p="1" pico="0" structural="Methodology">Methods: In 1671 patients from the Simvastatin Ezetimibe in Aortic Stenosis (SEAS) study, the association of stroke volume indexed for body surface area (SVI) with major CV events during a median of 4.3-year follow-up was assessed in Cox and time-varying Cox regression analyses.</Sentence>
		<Sentence ic="0" o="0" p="0" pico="0" structural="Methodology">Low SVI was defined as &lt;35 mL/m2.</Sentence>
		<Sentence ic="0" o="0" p="0" pico="0" structural="Conclusion">Results: Peak aortic jet velocity in the total study population was 3.1 0.7 m/s.</Sentence>
		<Sentence ic="0" o="0" p="0" pico="0" structural="Conclusion">Low SVI was found in 23% at baseline and associated with higher age, body mass index (BMI), heart rate and global LV load, and with lower mean aortic gradient, aortic valve area index, energy loss index, LV mass and ejection fraction and more often inconsistent AS grading (all p&lt;0.05) .</Sentence>
		<Sentence ic="0" o="0" p="0" pico="0" structural="Conclusion">A 5 mL/m2 lower SVI at baseline was associated with higher HRs of major CV events (n=544) (HR 1.09, 95% CI 1.05 to 1.13, p&lt;0.001) and higher total mortality (n=147) (HR 1.08, 95% CI 1.01 to 1.16, p=0.038), independent of age, sex, atrial fibrillation, mean aortic gradient, LV ejection fraction, LV mass, BMI and study treatment.</Sentence>
		<Sentence ic="0" o="0" p="0" pico="0" structural="Conclusion">Adjusting for the same covariates, low SVI at baseline and in-study low SVI were also associated with increased rate of major CV events.</Sentence>
		<Sentence ic="1" o="1" p="1" pico="1" structural="Conclusion">Conclusion: In patients with AS in the SEAS study, lower baseline SVI was associated with higher HR of major CV events and total mortality independent of major confounders.</Sentence>
	</Abstract>
</Corpus>