<?xml version='1.0' encoding='utf-8'?>
<Corpus xmlns:xsi="http://www.w3.org/2001/XMLSchema-instance"
	xsi:noNamespaceSchemaLocation="Abstract_Structure_v2.xsd">
	<Abstract id="28455465">
		<Sentence ic="1" o="0" p="1" pico="0" structural="Title">Vitamin E diffused highly cross-linked polyethylene in total hip arthroplasty at five years: a randomised controlled trial using radiostereometric analysis.</Sentence>
		<Sentence ic="1" o="1" p="0" pico="0">AIMS: The objective of this five-year prospective, blinded, randomised controlled trial (RCT) was to compare femoral head penetration into a vitamin E diffused highly cross-linked polyethylene (HXLPE) liner with penetration into a medium cross-linked polyethylene control liner using radiostereometric analysis.</Sentence>
		<Sentence ic="1" o="0" p="1" pico="0" structural="Methodology">PATIENTS AND METHODS: Patients scheduled for total hip arthroplasty (THA) were randomised to receive either the study E1 (32 patients) or the control ArComXL polyethylene (35 patients) .</Sentence>
		<Sentence ic="0" o="0" p="0" pico="0" structural="Methodology">The median age (range) of the overall cohort was 66 years (40 to 76) .</Sentence>
		<Sentence ic="1" o="1" p="0" pico="0" structural="Conclusion">RESULTS: The five-year median (interquartile range) proximal femoral head penetration into the E1 was -0.05 mm (-0.13 to -0.02) and 0.07 mm (-0.03 to 0.16) for ArComXL.</Sentence>
		<Sentence ic="1" o="1" p="0" pico="0" structural="Conclusion">At three and five years, the penetration was significantly greater in the ArComXL group compared with the E1 group (p = 0.029 and p = 0.019, respectively) .</Sentence>
		<Sentence ic="0" o="1" p="0" pico="0" structural="Conclusion">All patient-reported outcomes (PROs) improved significantly from the pre-operative interval compared with those at one year, and remained favourable at five years.</Sentence>
		<Sentence ic="0" o="0" p="0" pico="0" structural="Conclusion">There were no differences between the two groups at any interval.</Sentence>
		<Sentence ic="1" o="1" p="0" pico="0" structural="Conclusion">CONCLUSION: The five-year results showed that E1 polyethylene does not wear more than the control, ArComXL.</Sentence>
		<Sentence ic="1" o="1" p="0" pico="0" structural="Conclusion">This is the longest-term RCT comparing the wear performance and clinical outcome of vitamin E diffused HXLPE with a previous generation of medium cross-linked polyethylene.</Sentence>
		<Sentence ic="0" o="0" p="0" pico="0" structural="Conclusion">Cite this article: Bone Joint J 2017;99-B:577-84.</Sentence>
	</Abstract>
</Corpus>