<?xml version='1.0' encoding='utf-8'?>
<Corpus xmlns:xsi="http://www.w3.org/2001/XMLSchema-instance"
	xsi:noNamespaceSchemaLocation="Abstract_Structure_v2.xsd">
	<Abstract id="28464754">
		<Sentence ic="1" o="1" p="1" pico="1" structural="Title">Patient-reported outcome after total hip arthroplasty: comparison between lateral and posterior approach.</Sentence>
		<Sentence ic="1" o="1" p="1" pico="1">Background and purpose - Criticism of the lateral approach (LA) for hip arthroplasty is mainly based on the risk of poor patient-reported outcomes compared to the posterior approach (PA) .</Sentence>
		<Sentence ic="0" o="1" p="0" pico="0">However, there have been no controlled studies comparing patient-reported outcomes between them.</Sentence>
		<Sentence ic="1" o="1" p="1" pico="1">In this randomized controlled trial, we tested the hypothesis that patient-reported outcomes are better in patients who have undergone total hip arthroplasty (THA) with PA than in those who have undergone THA with LA, 12 months postoperatively.</Sentence>
		<Sentence ic="1" o="0" p="1" pico="0">Patients and methods - 80 patients with hip osteoarthritis (mean age 61 years) were randomized to THA using PA or the modified direct LA.</Sentence>
		<Sentence ic="0" o="1" p="0" pico="0">We recorded outcome measures preoperatively and 3, 6, and 12 months postoperatively using the Hip Disability and Osteoarthritis Outcome Score-Physical Function Short Form (HOOS-PS) as the primary outcome.</Sentence>
		<Sentence ic="0" o="1" p="0" pico="0">Secondary outcomes were HOOS-Pain, HOOS-Quality-Of-Life, EQ-5D, UCLA Activity Score, and limping.</Sentence>
		<Sentence ic="0" o="1" p="0" pico="0">Results - We found no statistically significant difference in the improvements in HOOS-PS between the treatment groups at 12-month follow-up.</Sentence>
		<Sentence ic="1" o="1" p="0" pico="0">All secondary outcomes showed similar results except for limping, where PA patients improved significantly more than LA patients.</Sentence>
		<Sentence ic="1" o="1" p="0" pico="0">Interpretation - Contrary to our hypothesis, patients treated with PA did not improve more than patients treated with LA regarding physical function, pain, physical activity, and quality of life 12 months postoperatively.</Sentence>
		<Sentence ic="1" o="1" p="0" pico="0">However, limping was more pronounced in the LA patients.</Sentence>
	</Abstract>
</Corpus>