<?xml version='1.0' encoding='utf-8'?>
<Corpus xmlns:xsi="http://www.w3.org/2001/XMLSchema-instance"
	xsi:noNamespaceSchemaLocation="Abstract_Structure_v2.xsd">
	<Abstract id="28464211">
		<Sentence ic="0" o="1" p="0" pico="0" structural="Title">Osteoporosis therapy and outcomes for postmenopausal patients with hormone receptor-positive breast cancer: NCIC CTG MA.27.</Sentence>
		<Sentence ic="1" o="1" p="1" pico="1" structural="Aim/Background">BACKGROUND: Breast cancer patients in the MA.27 trial had similar outcomes with steroidal aromatase inhibitor (AI) exemestane and nonsteroidal anastrozole.</Sentence>
		<Sentence ic="0" o="1" p="0" pico="0" structural="Aim/Background">AIs increase the risk of osteoporosis.</Sentence>
		<Sentence ic="1" o="0" p="0" pico="0" structural="Aim/Background">This study examined the effects of self-reported osteoporosis and osteoporosis therapy (OPT) on outcomes.</Sentence>
		<Sentence ic="0" o="0" p="1" pico="0" structural="Methodology">METHODS: The MA.27 phase 3 adjuvant trial enrolled 7576 postmenopausal women.</Sentence>
		<Sentence ic="0" o="1" p="0" pico="0" structural="Methodology">The primary outcome was event-free survival (EFS), and the secondary outcome was distant disease-free survival (DDFS) .</Sentence>
		<Sentence ic="0" o="1" p="0" pico="0" structural="Methodology">Patients were permitted bisphosphonates to prevent or treat osteopenia/osteoporosis.</Sentence>
		<Sentence ic="1" o="0" p="0" pico="0" structural="Methodology">In a multivariate, stratified Cox regression, factors were significant with a 2-sided Wald test P value  .05.</Sentence>
		<Sentence ic="0" o="1" p="0" pico="0" structural="Conclusion">RESULTS: Osteoporosis was reported at the baseline by 654 of the 7576 women (8.6%) and in total by 1294 patients.</Sentence>
		<Sentence ic="0" o="1" p="0" pico="0" structural="Conclusion">Oral OPT was received at the baseline by 815 of the 7576 women {10.8%) and in total by 2711 patients (36%) .</Sentence>
		<Sentence ic="0" o="1" p="0" pico="0" structural="Conclusion">With a median follow-up of 4.1 years, 693 EFS events (9.15%) and 321 DDFS events (4.2%) occurred.</Sentence>
		<Sentence ic="0" o="1" p="0" pico="0" structural="Conclusion">Osteoporosis was not associated with EFS or DDFS.</Sentence>
		<Sentence ic="0" o="1" p="0" pico="0" structural="Conclusion">Few EFS events occurred before the initiation of OPT, with no substantive evidence of a time-differing effect on outcomes (nonproportional hazards) .</Sentence>
		<Sentence ic="0" o="1" p="0" pico="0" structural="Conclusion">OPT (yes vs no) was significantly associated with improved EFS (hazard ratio [HR] for yes vs no, 0.67; 95% confidence interval [CI], 0.57-0.80; P &lt; .001} and DDFS (HR, 0.57; 95% CI, 0.44-0.73; P &lt;0.001) .</Sentence>
		<Sentence ic="0" o="1" p="0" pico="0" structural="Conclusion">Time-differing (time-dependent) OPT was not (EFS; P = .45) .</Sentence>
		<Sentence ic="0" o="1" p="0" pico="0" structural="Conclusion">OPT did not alter the incidence of visceral-only metastasis (P = .31) .</Sentence>
		<Sentence ic="1" o="1" p="1" pico="1" structural="Conclusion">CONCLUSIONS: Oral OPT, administered to postmenopausal breast cancer patients receiving adjuvant AI therapy, was associated with improved EFS and DDFS; the time of OPT initiation (a time-dependent effect) did not affect the outcome.</Sentence>
		<Sentence ic="0" o="1" p="0" pico="0" structural="Conclusion">OPT did not alter the risk of visceral metastasis.</Sentence>
		<Sentence ic="0" o="0" p="0" pico="0" structural="Conclusion">Cancer 2017;123:2444-51.</Sentence>
		<Sentence ic="0" o="0" p="0" pico="0" structural="Conclusion">2017 American Cancer Society.</Sentence>
	</Abstract>
</Corpus>