<?xml version='1.0' encoding='utf-8'?>
<Corpus xmlns:xsi="http://www.w3.org/2001/XMLSchema-instance"
	xsi:noNamespaceSchemaLocation="Abstract_Structure_v2.xsd">
	<Abstract id="28467880">
		<Sentence ic="1" o="0" p="0" pico="0" structural="Title">Teprotumumab for Thyroid-Associated Ophthalmopathy.</Sentence>
		<Sentence ic="0" o="0" p="0" pico="0" structural="Aim/Background">BACKGROUND: Thyroid-associated ophthalmopathy, a condition commonly associated with Graves' disease, remains inadequately treated.</Sentence>
		<Sentence ic="0" o="0" p="0" pico="0" structural="Aim/Background">Current medical therapies, which primarily consist of glucocorticoids, have limited efficacy and present safety concerns.</Sentence>
		<Sentence ic="1" o="1" p="0" pico="0" structural="Aim/Background">Inhibition of the insulin-like growth factor I receptor (IGF-IR) is a new therapeutic strategy to attenuate the underlying autoimmune pathogenesis of ophthalmopathy.</Sentence>
		<Sentence ic="0" o="1" p="1" pico="0" structural="Methodology">METHODS: We conducted a multicenter, double-masked, randomized, placebo-controlled trial to determine the efficacy and safety of teprotumumab, a human monoclonal antibody inhibitor of IGF-IR, in patients with active, moderate-to-severe ophthalmopathy.</Sentence>
		<Sentence ic="1" o="0" p="0" pico="0" structural="Methodology">A total of 88 patients were randomly assigned to receive placebo or active drug administered intravenously once every 3 weeks for a total of eight infusions.</Sentence>
		<Sentence ic="0" o="0" p="0" pico="0" structural="Methodology">The primary end point was the response in the study eye.</Sentence>
		<Sentence ic="0" o="1" p="0" pico="0" structural="Methodology">This response was defined as a reduction of 2 points or more in the Clinical Activity Score (scores range from 0 to 7, with a score of 3 indicating active thyroid-associated ophthalmopathy) and a reduction of 2 mm or more in proptosis at week 24.</Sentence>
		<Sentence ic="0" o="1" p="0" pico="0" structural="Methodology">Secondary end points, measured as continuous variables, included proptosis, the Clinical Activity Score, and results on the Graves' ophthalmopathy-specific quality-of-life questionnaire.</Sentence>
		<Sentence ic="0" o="1" p="0" pico="0" structural="Methodology">Adverse events were assessed.</Sentence>
		<Sentence ic="1" o="1" p="0" pico="0" structural="Conclusion">RESULTS: In the intention-to-treat population, 29 of 42 patients who received teprotumumab (69%), as compared with 9 of 45 patients who received placebo (20%), had a response at week 24 (P&lt;0.001) .</Sentence>
		<Sentence ic="1" o="1" p="0" pico="0" structural="Conclusion">Therapeutic effects were rapid; at week 6, a total of 18 of 42 patients in the teprotumumab group (43%) and 2 of 45 patients in the placebo group (4%) had a response (P&lt;0.001) .</Sentence>
		<Sentence ic="0" o="1" p="0" pico="0" structural="Conclusion">Differences between the groups increased at subsequent time points.</Sentence>
		<Sentence ic="0" o="1" p="1" pico="0" structural="Conclusion">The only drug-related adverse event was hyperglycemia in patients with diabetes; this event was controlled by adjusting medication for diabetes.</Sentence>
		<Sentence ic="1" o="1" p="1" pico="1" structural="Conclusion">CONCLUSIONS: In patients with active ophthalmopathy, teprotumumab was more effective than placebo in reducing proptosis and the Clinical Activity Score.</Sentence>
		<Sentence ic="0" o="0" p="0" pico="0" structural="Conclusion">(Funded by River Vision Development and others; ClinicalTrials.gov number, NCT01868997) .</Sentence>
	</Abstract>
</Corpus>