<?xml version='1.0' encoding='utf-8'?>
<Corpus xmlns:xsi="http://www.w3.org/2001/XMLSchema-instance"
	xsi:noNamespaceSchemaLocation="Abstract_Structure_v2.xsd">
	<Abstract id="28472219">
		<Sentence ic="1" o="1" p="1" pico="1" structural="Title">Effects of Prenatal Micronutrient Supplementation on Spontaneous Preterm Birth: A Double-Blind Randomized Controlled Trial in China.</Sentence>
		<Sentence ic="1" o="1" p="1" pico="1">In this secondary analysis of data from a double-blind randomized controlled trial carried out in northern China, we aimed to assess the effect of prenatal supplementation with multiple micronutrients (MMN) or iron + folic acid (IFA), versus folic acid (FA) alone, on risk of spontaneous preterm birth (SPB) and the impact of supplementation timing on SPB.</Sentence>
		<Sentence ic="1" o="0" p="1" pico="0">A total of 18,775 nulliparous pregnant women enrolled between 2006 and 2009 were randomly assigned to receive daily FA, IFA, or MMN from the period before 20 weeks' gestation to delivery.</Sentence>
		<Sentence ic="1" o="0" p="1" pico="0">The incidences of SPB for women consuming FA, IFA, and MMN were 5.7%, 5.6% and 5.1%, respectively.</Sentence>
		<Sentence ic="1" o="0" p="1" pico="0">Compared with women given FA, the relative risks of SPB for those using MMN and IFA were 0.99 (95% confidence interval: 0.85, 1.16) and 0.89 (95% confidence interval: 0.79, 1.05), respectively.</Sentence>
		<Sentence ic="1" o="1" p="1" pico="1">SPB incidence in women who started consuming FA, IFA, and MMN before the 12th week of gestation (4.6%, 4.2%, and 3.9%, respectively) was significantly reduced compared with starting supplement use on or after the 12th gestational week (6.9%, 7.2%, and 6.4%, respectively) .</Sentence>
		<Sentence ic="0" o="0" p="0" pico="0">Starting use of FA, IFA, or MMN supplements before the 12th week of gestation produced a 41%-45% reduction in risk of SPB.</Sentence>
		<Sentence ic="1" o="1" p="1" pico="1">Early prenatal enrollment and micronutrient use during the first trimester of pregnancy appeared to be of particular importance for prevention of SPB, regardless of supplement group.</Sentence>
	</Abstract>
</Corpus>