<?xml version='1.0' encoding='utf-8'?>
<Corpus xmlns:xsi="http://www.w3.org/2001/XMLSchema-instance"
	xsi:noNamespaceSchemaLocation="Abstract_Structure_v2.xsd">
	<Abstract id="28472303">
		<Sentence ic="1" o="1" p="1" pico="0" structural="Title">The Effect of Whole Body Vibration Training on Bone and Muscle Function in Children With Osteogenesis Imperfecta.</Sentence>
		<Sentence ic="0" o="0" p="1" pico="0">Context: Osteogenesis imperfecta (OI) is associated with reduced muscle size, dynamic muscle function, and mobility.</Sentence>
		<Sentence ic="1" o="1" p="1" pico="0" structural="Aim/Background">Objective: To assess the effect of whole body vibration (WBV) on bone density and geometry, muscle size and function, mobility, and balance in children with OI.</Sentence>
		<Sentence ic="0" o="0" p="0" pico="0" structural="Aim/Background">Design: Randomized controlled pilot trial.</Sentence>
		<Sentence ic="0" o="0" p="0" pico="0" structural="Aim/Background">Setting: Tertiary pediatric research center.</Sentence>
		<Sentence ic="0" o="0" p="1" pico="0" structural="Aim/Background">Participants: Twenty-four children (5 to 16 years) with OI types 1, 4, and limited mobility [Child Health Assessment Questionnaire (CHAQ) score  0.13] recruited in sex- and pubertal stage-matched pairs.</Sentence>
		<Sentence ic="0" o="1" p="1" pico="0" structural="Aim/Background">Incident fractures in two boys (WBV arm) led to exclusion of two prepubertal pairs.</Sentence>
		<Sentence ic="1" o="0" p="0" pico="1" structural="Aim/Background">Intervention: Five months of WBV training (3  3 minutes twice daily) or regular care.</Sentence>
		<Sentence ic="0" o="1" p="0" pico="0" structural="Aim/Background">Main Outcome Measures: Bone and muscle variables measured by dual-energy X-ray absorptiometry (spine, hip, total body) and peripheral quantitative computed tomography (tibia) .</Sentence>
		<Sentence ic="0" o="1" p="0" pico="0" structural="Aim/Background">Mobility assessed by 6-minute walk tests and CHAQ; dynamic muscle function by mechanography.</Sentence>
		<Sentence ic="0" o="0" p="0" pico="0" structural="Conclusion">Results: All participants had reduced walking distances and muscle function (P &lt; 0.001) .</Sentence>
		<Sentence ic="0" o="0" p="0" pico="0" structural="Conclusion">Body mass index z score was associated with higher CHAQ scores ( + 0.552; P = 0.005) and lower walking and two-leg jumping performance ( - 0.405 to -0.654, P &lt; 0.05) .</Sentence>
		<Sentence ic="0" o="1" p="1" pico="0" structural="Conclusion">The WBV and control groups did not differ in the 5-month changes in bone.</Sentence>
		<Sentence ic="0" o="1" p="1" pico="0" structural="Conclusion">Total lean mass increased more in the WBV group [+1119 g (+224 to +1744)] compared with controls [+635 g (-951 to +1006)], P = 0.01, without improving mobility, muscle function, or balance.</Sentence>
		<Sentence ic="0" o="1" p="1" pico="0" structural="Conclusion">Conclusions: The increase in lean mass without changes in muscle function or bone mass suggests reduced biomechanical responsiveness of the muscle-bone unit in children with OI.</Sentence>
	</Abstract>
</Corpus>