<?xml version='1.0' encoding='utf-8'?>
<Corpus xmlns:xsi="http://www.w3.org/2001/XMLSchema-instance"
	xsi:noNamespaceSchemaLocation="Abstract_Structure_v2.xsd">
	<Abstract id="28493922">
		<Sentence ic="1" o="1" p="1" pico="1" structural="Title">Comparison of the long-term clinical performance of a biodegradable and a titanium fixation system in maxillofacial surgery: A multicenter randomized controlled trial.</Sentence>
		<Sentence ic="1" o="1" p="0" pico="0" structural="Aim/Background">BACKGROUND: Biodegradable fixation systems could reduce or eliminate problems associated with titanium removal of implants in a second operation.</Sentence>
		<Sentence ic="1" o="1" p="1" pico="1" structural="Aim/Background">AIM: The aim of this study was to compare the long-term (ie &gt;5 years postoperatively) clinical performance of a titanium and a biodegradable system in oral and maxillofacial surgery.</Sentence>
		<Sentence ic="0" o="0" p="0" pico="0" structural="Methodology">MATERIALS AND METHODS: The present multicenter Randomized Controlled Trial (RCT) was performed in four hospitals in the Netherlands.</Sentence>
		<Sentence ic="0" o="0" p="1" pico="0" structural="Methodology">Patients treated with a bilateral sagittal split osteotomy (BSSO) and/or a Le Fort-I osteotomy, and those treated for fractures of the mandible, maxilla, or zygoma were included from December 2006 to July 2009.</Sentence>
		<Sentence ic="1" o="0" p="0" pico="0" structural="Methodology">The patients were randomly assigned to either a titanium (KLS Martin) or a biodegradable group (Inion CPS) .</Sentence>
		<Sentence ic="1" o="1" p="0" pico="0" structural="Conclusion">RESULTS: After &gt;5 years postoperatively, plate removal was performed in 22 of the 134 (16.4%) patients treated with titanium and in 23 of the 87 (26.4%) patients treated with the biodegradable system (P = 0.036, hazard ratio (HR) biodegradable (95% CI) = 2.0 (1.05-3.8), HR titanium = 1) .</Sentence>
		<Sentence ic="0" o="1" p="1" pico="0" structural="Conclusion">Occlusion, VAS pain scores, and MFIQ showed good and (almost) pain free mandibular function in both groups.</Sentence>
		<Sentence ic="1" o="1" p="0" pico="0" structural="Conclusion">CONCLUSION: In conclusion, the performance of the Inion CPS biodegradable system was inferior compared to the KLS Martin titanium system regarding plate/screws removal in the abovementioned surgical procedures.</Sentence>
		<Sentence ic="0" o="0" p="0" pico="0" structural="Conclusion">TRIAL REGISTRATION: http://controlled-trials.com ISRCTN44212338.</Sentence>
	</Abstract>
</Corpus>