<?xml version='1.0' encoding='utf-8'?>
<Corpus xmlns:xsi="http://www.w3.org/2001/XMLSchema-instance"
	xsi:noNamespaceSchemaLocation="Abstract_Structure_v2.xsd">
	<Abstract id="28525302">
		<Sentence ic="0" o="1" p="0" pico="0" structural="Title">Treatment of Endometriosis-Associated Pain with Elagolix, an Oral GnRH Antagonist.</Sentence>
		<Sentence ic="0" o="0" p="0" pico="0" structural="Aim/Background">BACKGROUND: Endometriosis is a chronic, estrogen-dependent condition that causes dysmenorrhea and pelvic pain.</Sentence>
		<Sentence ic="0" o="1" p="0" pico="0" structural="Aim/Background">Elagolix, an oral, nonpeptide, gonadotropin-releasing hormone (GnRH) antagonist, produced partial to nearly full estrogen suppression in previous studies.</Sentence>
		<Sentence ic="1" o="0" p="1" pico="0" structural="Methodology">METHODS: We performed two similar, double-blind, randomized, 6-month phase 3 trials (Elaris Endometriosis I and II [EM-I and EM-II]) to evaluate the effects of two doses of elagolix - 150 mg once daily (lower-dose group) and 200 mg twice daily (higher-dose group) - as compared with placebo in women with surgically diagnosed endometriosis and moderate or severe endometriosis-associated pain.</Sentence>
		<Sentence ic="0" o="1" p="0" pico="0" structural="Methodology">The two primary efficacy end points were the proportion of women who had a clinical response with respect to dysmenorrhea and the proportion who had a clinical response with respect to nonmenstrual pelvic pain at 3 months.</Sentence>
		<Sentence ic="1" o="0" p="0" pico="0" structural="Methodology">Each of these end points was measured as a clinically meaningful reduction in the pain score and a decreased or stable use of rescue analgesic agents, as recorded in a daily electronic diary.</Sentence>
		<Sentence ic="0" o="0" p="1" pico="0" structural="Conclusion">RESULTS: A total of 872 women underwent randomization in Elaris EM-I and 817 in Elaris EM-II; of these women, 653 (74.9%) and 632 (77.4%), respectively, completed the intervention.</Sentence>
		<Sentence ic="0" o="1" p="0" pico="0" structural="Conclusion">At 3 months, a significantly greater proportion of women who received each elagolix dose met the clinical response criteria for the two primary end points than did those who received placebo.</Sentence>
		<Sentence ic="0" o="1" p="0" pico="0" structural="Conclusion">In Elaris EM-I, the percentage of women who had a clinical response with respect to dysmenorrhea was 46.4% in the lower-dose elagolix group and 75.8% in the higher-dose elagolix group, as compared with 19.6% in the placebo group; in Elaris EM-II, the corresponding percentages were 43.4% and 72.4%, as compared with 22.7% (P&lt;0.001 for all comparisons) .</Sentence>
		<Sentence ic="0" o="1" p="0" pico="0" structural="Conclusion">In Elaris EM-I, the percentage of women who had a clinical response with respect to nonmenstrual pelvic pain was 50.4% in the lower-dose elagolix group and 54.5% in the higher-dose elagolix group, as compared with 36.5% in the placebo group (P&lt;0.001 for all comparisons); in Elaris EM-II, the corresponding percentages were 49.8% and 57.8%, as compared with 36.5% (P=0.003 and P&lt;0.001, respectively) .</Sentence>
		<Sentence ic="0" o="1" p="0" pico="0" structural="Conclusion">The responses with respect to dysmenorrhea and nonmenstrual pelvic pain were sustained at 6 months.</Sentence>
		<Sentence ic="0" o="1" p="1" pico="0" structural="Conclusion">Women who received elagolix had higher rates of hot flushes (mostly mild or moderate), higher levels of serum lipids, and greater decreases from baseline in bone mineral density than did those who received placebo; there were no adverse endometrial findings.</Sentence>
		<Sentence ic="0" o="1" p="1" pico="0" structural="Conclusion">CONCLUSIONS: Both higher and lower doses of elagolix were effective in improving dysmenorrhea and nonmenstrual pelvic pain during a 6-month period in women with endometriosis-associated pain.</Sentence>
		<Sentence ic="0" o="1" p="0" pico="0" structural="Conclusion">The two doses of elagolix were associated with hypoestrogenic adverse effects.</Sentence>
		<Sentence ic="0" o="0" p="0" pico="0" structural="Conclusion">(Funded by AbbVie; Elaris EM-I and EM-II ClinicalTrials.gov numbers, NCT01620528 and NCT01931670) .</Sentence>
	</Abstract>
</Corpus>