<?xml version='1.0' encoding='utf-8'?>
<Corpus xmlns:xsi="http://www.w3.org/2001/XMLSchema-instance"
	xsi:noNamespaceSchemaLocation="Abstract_Structure_v2.xsd">
	<Abstract id="28538134">
		<Sentence ic="1" o="1" p="0" pico="0" structural="Title">Trial of Cannabidiol for Drug-Resistant Seizures in the Dravet Syndrome.</Sentence>
		<Sentence ic="0" o="0" p="0" pico="0" structural="Aim/Background">BACKGROUND: The Dravet syndrome is a complex childhood epilepsy disorder that is associated with drug-resistant seizures and a high mortality rate.</Sentence>
		<Sentence ic="1" o="1" p="0" pico="0" structural="Aim/Background">We studied cannabidiol for the treatment of drug-resistant seizures in the Dravet syndrome.</Sentence>
		<Sentence ic="1" o="0" p="1" pico="0" structural="Methodology">METHODS: In this double-blind, placebo-controlled trial, we randomly assigned 120 children and young adults with the Dravet syndrome and drug-resistant seizures to receive either cannabidiol oral solution at a dose of 20 mg per kilogram of body weight per dayor placebo, in addition to standard antiepileptic treatment.</Sentence>
		<Sentence ic="1" o="1" p="0" pico="0" structural="Methodology">The primary end point was the change in convulsive-seizure frequencyover a 14-week treatment period, as compared with a 4-week baseline period.</Sentence>
		<Sentence ic="1" o="1" p="0" pico="0" structural="Conclusion">RESULTS: The median frequency of convulsive seizures per monthdecreased from 12.4 to 5.9 with cannabidiol, as compared with a decrease from 14.9 to 14.1 with placebo (adjusted median difference between the cannabidiol group and the placebo group in change in seizure frequency, -22.8 percentage points; 95% confidence interval [CI], -41.1 to -5.4; P=0.01) .</Sentence>
		<Sentence ic="1" o="1" p="1" pico="1" structural="Conclusion">The percentage of patients who had at least a 50% reduction in convulsive-seizure frequency was 43% with cannabidiol and 27% with placebo (odds ratio, 2.00; 95% CI, 0.93 to 4.30; P=0.08) .</Sentence>
		<Sentence ic="1" o="1" p="0" pico="0" structural="Conclusion">The patient's overall condition improved by at least one category on the seven-category Caregiver Global Impression of Change scale in 62% of the cannabidiol group as compared with 34% of the placebo group (P=0.02) .</Sentence>
		<Sentence ic="1" o="1" p="0" pico="0" structural="Conclusion">The frequency of total seizures of all types was significantly reduced with cannabidiol (P=0.03), but there was no significant reduction in nonconvulsive seizures.</Sentence>
		<Sentence ic="1" o="1" p="0" pico="0" structural="Conclusion">The percentage of patients who became seizure-free was 5% with cannabidioland 0% with placebo (P=0.08) .</Sentence>
		<Sentence ic="1" o="1" p="0" pico="0" structural="Conclusion">Adverse events that occurred more frequently in the cannabidiol group than in the placebo group included diarrhea, vomiting, fatigue, pyrexia, somnolence, and abnormal results on liver-function tests.</Sentence>
		<Sentence ic="1" o="1" p="0" pico="0" structural="Conclusion">There were more withdrawals from the trial in the cannabidiol group.</Sentence>
		<Sentence ic="1" o="1" p="1" pico="1" structural="Conclusion">CONCLUSIONS: Among patients with the Dravet syndrome, cannabidiol resulted in a greater reduction in convulsive-seizure frequency than placebo and was associated with higher rates of adverse events.</Sentence>
		<Sentence ic="0" o="0" p="0" pico="0" structural="Conclusion">(Funded by GW Pharmaceuticals; ClinicalTrials.gov number, NCT02091375) .</Sentence>
	</Abstract>
</Corpus>