<?xml version='1.0' encoding='utf-8'?>
<Corpus xmlns:xsi="http://www.w3.org/2001/XMLSchema-instance"
	xsi:noNamespaceSchemaLocation="Abstract_Structure_v2.xsd">
	<Abstract id="28545041">
		<Sentence ic="1" o="1" p="1" pico="0" structural="Title">Effect of early measles vaccine on pneumococcal colonization: A randomized trial from Guinea-Bissau.</Sentence>
		<Sentence ic="1" o="1" p="0" pico="0" structural="Aim/Background">BACKGROUND: Measles vaccine (MV) may have non-specific beneficial effects for child health and particularly seems to prevent respiratory infections.</Sentence>
		<Sentence ic="0" o="0" p="1" pico="0" structural="Aim/Background">Streptococcus pneumoniae is the leading cause of bacterial pneumonia among children worldwide, and nasopharyngeal colonization precedes infection.</Sentence>
		<Sentence ic="1" o="1" p="1" pico="0" structural="Aim/Background">OBJECTIVE: We investigated whether providing early MV at 18 weeks of age reduced pneumococcal colonization and/or density up to 9 months of age.</Sentence>
		<Sentence ic="0" o="0" p="0" pico="0" structural="Aim/Background">METHOD: The study was conducted in 2013-2014 in Guinea-Bissau.</Sentence>
		<Sentence ic="1" o="0" p="0" pico="0" structural="Aim/Background">Pneumococcal vaccine was not part of the vaccination program.</Sentence>
		<Sentence ic="1" o="0" p="1" pico="0" structural="Aim/Background">Infants aged 18 weeks were block-randomized 2:1 to early or no early MV; at age 9 months, all children were offered MV as per current policy.</Sentence>
		<Sentence ic="1" o="0" p="1" pico="0" structural="Aim/Background">Nasopharyngeal swabs were taken at baseline, age 6.5 months, and age 9 months.</Sentence>
		<Sentence ic="1" o="0" p="0" pico="0" structural="Aim/Background">Pneumococcal density was determined by q-PCR.</Sentence>
		<Sentence ic="1" o="0" p="1" pico="0" structural="Aim/Background">Prevalence ratios of pneumococcal colonization and recent antibiotic treatment (yes/no) by age 6.5 months (PR6.5) and age 9 months (PR9) were estimated using Poisson regression with robust variance estimates while the pneumococcal geometric mean ratio (GMR6.5 and GMR9) was obtained using OLS regression.</Sentence>
		<Sentence ic="0" o="0" p="1" pico="0" structural="Conclusion">RESULTS: Analyses included 512 children; 346 early MV-children and 166 controls.</Sentence>
		<Sentence ic="0" o="0" p="1" pico="0" structural="Conclusion">At enrolment, the pneumococcal colonization prevalence was 80% (411/512) .</Sentence>
		<Sentence ic="0" o="0" p="1" pico="0" structural="Conclusion">Comparing early MV-children with controls, the PR6.5 was 1.02 (95%CI = 0.94-1.10), and the PR9 was 1.04 (0.96-1.12) .</Sentence>
		<Sentence ic="0" o="0" p="0" pico="0" structural="Conclusion">The GMR6.5 was 1.02 (0.55-1.89), and the GMR9 was 0.69 (0.39-1.21) .</Sentence>
		<Sentence ic="1" o="1" p="1" pico="0" structural="Conclusion">Early MV-children tended to be less frequently treated with antibiotics prior to follow up (PR6.5 0.60 (0.34-1.05) and PR9 0.87 (0.50-1.53)) .</Sentence>
		<Sentence ic="1" o="1" p="1" pico="0" structural="Conclusion">Antibiotic treatment was associated with considerably lower colonization rates, PR6.5 0.85 (0.71-1.01) and PR9 0.66 (0.52-0.84), as well as lower pneumococcal density, GMR6.5 0.32 (0.12-0.86) and GMR9 0.52 (0.18-1.52) .</Sentence>
		<Sentence ic="1" o="1" p="0" pico="0" structural="Conclusion">CONCLUSION: Early MV at age 18 weeks had no measurable effect on pneumococcal colonization prevalence or density.</Sentence>
		<Sentence ic="1" o="1" p="0" pico="0" structural="Conclusion">Higher consumption of antibiotics among controls may have blurred an effect of early MV.</Sentence>
		<Sentence ic="0" o="0" p="0" pico="0" structural="Conclusion">TRIAL REGISTRATION: clinicaltrials.gov NCT01486355.</Sentence>
	</Abstract>
</Corpus>