<?xml version='1.0' encoding='utf-8'?>
<Corpus xmlns:xsi="http://www.w3.org/2001/XMLSchema-instance"
	xsi:noNamespaceSchemaLocation="Abstract_Structure_v2.xsd">
	<Abstract id="28557747">
		<Sentence ic="1" o="1" p="1" pico="0" structural="Title">Supplemental Iodide for Preterm Infants and Developmental Outcomes at 2 Years: An RCT.</Sentence>
		<Sentence ic="1" o="0" p="1" pico="0" structural="Aim/Background">BACKGROUND: The recommendation for enteral iodide intake for preterm infants is 30 to 40 g/kg per day and 1 g/kg per day for parenteral intake.</Sentence>
		<Sentence ic="0" o="0" p="1" pico="0" structural="Aim/Background">Preterm infants are vulnerable to iodide insufficiency and thyroid dysfunction.</Sentence>
		<Sentence ic="1" o="1" p="1" pico="1" structural="Aim/Background">The hypothesis tested whether, compared with placebo, iodide supplementation of preterm infants improves neurodevelopment.</Sentence>
		<Sentence ic="1" o="0" p="1" pico="0" structural="Methodology">METHODS: A randomized controlled trial of iodide supplementation versus placebo in infants &lt;31 weeks' gestation.</Sentence>
		<Sentence ic="1" o="0" p="1" pico="0" structural="Methodology">Trial solutions (sodium iodide or sodium chloride; dose 30 g/kg per day) were given within 42 hours of birth to the equivalent of 34 weeks' gestation.</Sentence>
		<Sentence ic="0" o="0" p="0" pico="0" structural="Methodology">The only exclusion criterion was maternal iodide exposure during pregnancy or delivery.</Sentence>
		<Sentence ic="0" o="1" p="0" pico="0" structural="Methodology">Whole blood levels of thyroxine, thyrotropin, and thyroid-binding globulin were measured on 4 specific postnatal days.</Sentence>
		<Sentence ic="0" o="1" p="0" pico="0" structural="Methodology">The primary outcome was neurodevelopmental status at 2 years of age, measured by using the Bayley Scales of Infant Development-III.</Sentence>
		<Sentence ic="0" o="0" p="1" pico="0" structural="Methodology">The primary analyses are by intention-to-treat, and data are presented also for survivors.</Sentence>
		<Sentence ic="0" o="0" p="1" pico="0" structural="Conclusion">RESULTS: One thousand two hundred seventy-three infants (637 intervention, 636 placebo) were recruited from 21 UK neonatal units.</Sentence>
		<Sentence ic="1" o="1" p="1" pico="0" structural="Conclusion">One hundred thirty-one infants died, and neurodevelopmental assessments were undertaken in 498 iodide and 499 placebo-supplemented infants.</Sentence>
		<Sentence ic="0" o="1" p="1" pico="0" structural="Conclusion">There were no significant differences between the intervention and placebo groups in the primary outcome: mean difference cognitive score, -0.34, 95% confidence interval (CI) -2.57 to 1.89; motor composite score, 0.21, 95% CI -2.23 to 2.65; and language composite score, -0.05, 95% CI -2.48 to 2.39.</Sentence>
		<Sentence ic="1" o="1" p="0" pico="0" structural="Conclusion">There was evidence of weak interaction between iodide supplementation and hypothyroxinemic status in the language composite score and 1 subtest score.</Sentence>
		<Sentence ic="1" o="1" p="0" pico="0" structural="Conclusion">CONCLUSIONS: Overall iodide supplementation provided no benefit to neurodevelopment measured at 2 years of age.</Sentence>
	</Abstract>
</Corpus>