<?xml version='1.0' encoding='utf-8'?>
<Corpus xmlns:xsi="http://www.w3.org/2001/XMLSchema-instance"
	xsi:noNamespaceSchemaLocation="Abstract_Structure_v2.xsd">
	<Abstract id="28557758">
		<Sentence ic="1" o="1" p="0" pico="0" structural="Title">Mid-Childhood Bone Mass After Exposure to Repeat Doses of Antenatal Glucocorticoids: A Randomized Trial.</Sentence>
		<Sentence ic="1" o="1" p="1" pico="0">BACKGROUND AND OBJECTIVE: Treatment of women at risk for preterm birth with repeat doses of glucocorticoids reduces neonatal morbidity, but could have adverse effects on skeletal development.</Sentence>
		<Sentence ic="1" o="1" p="1" pico="1">We assessed whether exposure to repeat antenatal betamethasone alters bone mass in children whose mothers participated in the Australasian Collaborative Trial of Repeat Doses of Corticosteroids.</Sentence>
		<Sentence ic="1" o="0" p="1" pico="0" structural="Methodology">METHODS: Women were randomized to a single dose of betamethasone or placebo, .7 days after an initial course of glucocorticoids, repeated each week that they remained at risk for preterm birth at &lt;32 weeks' gestation.</Sentence>
		<Sentence ic="1" o="0" p="1" pico="0" structural="Methodology">In this follow-up study, children underwent whole-body dual-energy radiograph absorptiometry at 6 to 8 years' corrected age.</Sentence>
		<Sentence ic="1" o="0" p="1" pico="0" structural="Conclusion">RESULTS: Of 212 eligible childhood survivors, 185 were studied (87%; 91 repeat betamethasone group; 94 placebo [single course] group) .</Sentence>
		<Sentence ic="1" o="1" p="1" pico="1" structural="Conclusion">Children exposed to repeat antenatal betamethasone and those exposed to placebo had similar whole-body bone mineral content (median repeat betamethasone: 553 g, interquartile range: 442-712 g; placebo: 567 g, interquartile range: 447-750 g; geometric mean ratio: 0.99; 95% confidence interval: 0.94-1.03, P = .55) and bone area (median repeat betamethasone 832 cm(2), interquartile range: 693-963 cm(2); placebo: 822 cm(2), interquartile range: 710-1020 cm(2); geometric mean ratio: 0.99, 95% confidence interval: 0.92-1.07, P = .75) .</Sentence>
		<Sentence ic="1" o="1" p="0" pico="0" structural="Conclusion">CONCLUSIONS: Exposure to repeat doses of antenatal betamethasone compared with a single course of glucocorticoids does not alter bone mass in mid-childhood.</Sentence>
	</Abstract>
</Corpus>