<?xml version='1.0' encoding='utf-8'?>
<Corpus xmlns:xsi="http://www.w3.org/2001/XMLSchema-instance"
	xsi:noNamespaceSchemaLocation="Abstract_Structure_v2.xsd">
	<Abstract id="28564557">
		<Sentence ic="1" o="0" p="1" pico="0" structural="Title">Trial of Minocycline in a Clinically Isolated Syndrome of Multiple Sclerosis.</Sentence>
		<Sentence ic="1" o="1" p="1" pico="0" structural="Aim/Background">BACKGROUND: On the basis of encouraging preliminary results, we conducted a randomized, controlled trial to determine whether minocycline reduces the risk of conversion from a first demyelinating event (also known as a clinically isolated syndrome) to multiple sclerosis.</Sentence>
		<Sentence ic="1" o="0" p="1" pico="0" structural="Methodology">METHODS: During the period from January 2009 through July 2013, we randomly assigned participants who had had their first demyelinating symptoms within the previous 180 days to receive either 100 mg of minocycline, administered orally twice daily, or placebo.</Sentence>
		<Sentence ic="1" o="0" p="0" pico="0" structural="Methodology">Administration of minocycline or placebo was continued until a diagnosis of multiple sclerosis was established or until 24 months after randomization, whichever came first.</Sentence>
		<Sentence ic="0" o="1" p="0" pico="0" structural="Methodology">The primary outcome was conversion to multiple sclerosis (diagnosed on the basis of the 2005 McDonald criteria) within 6 months after randomization.</Sentence>
		<Sentence ic="1" o="1" p="0" pico="0" structural="Methodology">Secondary outcomes included conversion to multiple sclerosis within 24 months after randomization and changes on magnetic resonance imaging (MRI) at 6 months and 24 months (change in lesion volume on T2-weighted MRI, cumulative number of new lesions enhanced on T1-weighted MRI ["enhancing lesions"], and cumulative combined number of unique lesions [new enhancing lesions on T1-weighted MRI plus new and newly enlarged lesions on T2-weighted MRI]) .</Sentence>
		<Sentence ic="1" o="0" p="1" pico="0" structural="Conclusion">RESULTS: A total of 142 eligible participants underwent randomization at 12 Canadian multiple sclerosis clinics; 72 participants were assigned to the minocycline group and 70 to the placebo group.</Sentence>
		<Sentence ic="0" o="0" p="0" pico="0" structural="Conclusion">The mean age of the participants was 35.8 years, and 68.3% were women.</Sentence>
		<Sentence ic="0" o="1" p="0" pico="0" structural="Conclusion">The unadjusted risk of conversion to multiple sclerosis within 6 months after randomization was 61.0% in the placebo group and 33.4% in the minocycline group, a difference of 27.6 percentage points (95% confidence interval [CI], 11.4 to 43.9; P=0.001) .</Sentence>
		<Sentence ic="1" o="1" p="0" pico="0" structural="Conclusion">After adjustment for the number of enhancing lesions at baseline, the difference in the risk of conversion to multiple sclerosis within 6 months after randomization was 18.5 percentage points (95% CI, 3.7 to 33.3; P=0.01); the unadjusted risk difference was not significant at the 24-month secondary outcome time point (P=0.06) .</Sentence>
		<Sentence ic="0" o="1" p="0" pico="0" structural="Conclusion">All secondary MRI outcomes favored minocycline over placebo at 6 months but not at 24 months.</Sentence>
		<Sentence ic="0" o="1" p="1" pico="0" structural="Conclusion">Trial withdrawals and adverse events of rash, dizziness, and dental discoloration were more frequent among participants who received minocycline than among those who received placebo.</Sentence>
		<Sentence ic="1" o="1" p="1" pico="1" structural="Conclusion">CONCLUSIONS: The risk of conversion from a clinically isolated syndrome to multiple sclerosis was significantly lower with minocycline than with placebo over 6 months but not over 24 months.</Sentence>
		<Sentence ic="0" o="0" p="0" pico="0" structural="Conclusion">(Funded by the Multiple Sclerosis Society of Canada; ClinicalTrials.gov number, NCT00666887) .</Sentence>
	</Abstract>
</Corpus>