<?xml version='1.0' encoding='utf-8'?>
<Corpus xmlns:xsi="http://www.w3.org/2001/XMLSchema-instance"
	xsi:noNamespaceSchemaLocation="Abstract_Structure_v2.xsd">
	<Abstract id="28562532">
		<Sentence ic="1" o="1" p="1" pico="0" structural="Title">Evaluation of a combined posterior lateral and anteromedial approach in the treatment of terrible triad of the elbow: A retrospective study.</Sentence>
		<Sentence ic="1" o="1" p="1" pico="0" structural="Aim/Background">BACKGROUND: This retrospective study aims to investigate the efficacy and safety of a combined posterior lateral and anteromedial approach in the treatment of terrible triad of the elbow (TTE) .</Sentence>
		<Sentence ic="1" o="0" p="1" pico="0" structural="Methodology">METHODS: TTE patients who received a combination of posterior lateral and anteromedial approach or other conservative treatments were included in the present study.</Sentence>
		<Sentence ic="0" o="1" p="0" pico="0" structural="Methodology">The postoperative functions of the elbow and the severity of traumatic arthritis were assessed using the Mayo Elbow Performance Score (MEPS) and visual analog scale (VAS) .</Sentence>
		<Sentence ic="0" o="1" p="0" pico="0" structural="Methodology">Extension-flexion of elbow joint and rotation of forearm were also measured.</Sentence>
		<Sentence ic="1" o="1" p="0" pico="0" structural="Conclusion">RESULTS: A combined posterior lateral and anteromedial approach or other conservative treatments showed significant improvements in the activity of the elbow, MEPS, VAS, the excellent rate, and x-ray results.</Sentence>
		<Sentence ic="1" o="1" p="0" pico="0" structural="Conclusion">The postoperative healing time and complication rate of patients who received a combined posterior lateral and anteromedial approach significantly decreased compared to those who received other conservative treatments.</Sentence>
		<Sentence ic="1" o="1" p="1" pico="0" structural="Conclusion">CONCLUSIONS: Patients with TTE who received a combined posterior lateral and anteromedial treatment had an increased fracture healing rate, showed improved recovery of elbow functions and had fewer complications.</Sentence>
	</Abstract>
</Corpus>