<?xml version='1.0' encoding='utf-8'?>
<Corpus xmlns:xsi="http://www.w3.org/2001/XMLSchema-instance"
	xsi:noNamespaceSchemaLocation="Abstract_Structure_v2.xsd">
	<Abstract id="28575224">
		<Sentence ic="0" o="1" p="0" pico="0" structural="Title">Response to Antenatal Cholecalciferol Supplementation Is Associated With Common Vitamin D-Related Genetic Variants.</Sentence>
		<Sentence ic="0" o="0" p="0" pico="0">Context: Single-nucleotide polymorphisms (SNPs) in genes related to vitamin D metabolism have been associated with serum 25-hydroxyvitamin D [25(OH)D] concentration, but these relationships have not been examined following antenatal cholecalciferol supplementation.</Sentence>
		<Sentence ic="0" o="0" p="0" pico="0" structural="Aim/Background">Objective: To determine whether SNPs in DHCR7, CYP2R1, CYP24A1, and GC are associated with the response to gestational cholecalciferol supplementation.</Sentence>
		<Sentence ic="1" o="0" p="0" pico="0" structural="Aim/Background">Design: Within-randomization group analysis of the Maternal Vitamin D Osteoporosis Study trial of antenatal cholecalciferol supplementation.</Sentence>
		<Sentence ic="0" o="0" p="0" pico="0" structural="Aim/Background">Setting: Hospital antenatal clinics.</Sentence>
		<Sentence ic="0" o="0" p="1" pico="0" structural="Aim/Background">Participants: In total, 682 women of white ethnicity (351 placebo, 331 cholecalciferol) were included.</Sentence>
		<Sentence ic="0" o="0" p="1" pico="0" structural="Aim/Background">SNPs at rs12785878 (DHCR7), rs10741657 (CYP2R1), rs6013897 (CYP24A1}, and rs2282679 (GC) were genotyped.</Sentence>
		<Sentence ic="1" o="0" p="0" pico="0" structural="Aim/Background">Interventions: 1000 IU/d cholecalciferol from 14 weeks of gestation until delivery.</Sentence>
		<Sentence ic="0" o="0" p="0" pico="0" structural="Aim/Background">Main Outcome Measure: 25(OH)D at randomization and 34 weeks of gestation were measured in a single batch (Liaison; Diasorin, Dartford, UK) .</Sentence>
		<Sentence ic="1" o="0" p="0" pico="0" structural="Aim/Background">Associations between 25(OH)D and the SNPs were assessed by linear regression using an additive model [ represents the change in 25(OH)D per additional common allele].</Sentence>
		<Sentence ic="0" o="1" p="0" pico="0" structural="Conclusion">Results: Only rs12785878 (DHCR7) was associated with baseline 25(OH)D [ = 3.1 nmol/L; 95% confidence interval (CI), 1.0 to 5.2 nmol/L; P &lt; 0.004].</Sentence>
		<Sentence ic="0" o="1" p="0" pico="0" structural="Conclusion">In contrast, rs10741657 (CYP2R1} ( = -5.2 nmol/L; 95% CI, -8.2 to -2.2 nmol/L; P = 0.001) and rs2282679 (GC) ( = 4.2 nmol/L; 95% CI, 0.9 to 7.5 nmol/L; P = 0.01) were associated with achieved 25(OH)D status following supplementation, whereas rs12785878 and rs6013897 (CYP24A1} were not.</Sentence>
		<Sentence ic="0" o="1" p="0" pico="0" structural="Conclusion">Conclusions: Genetic variation in DHCR7, which encodes 7-dehyrocholesterol reductase in the epidermal vitamin D biosynthesis pathway, appears to modify baseline 25(OH) D .</Sentence>
		<Sentence ic="0" o="1" p="0" pico="0" structural="Conclusion">In contrast, the response to antenatal cholecalciferol supplementation was associated with SNPs in CYP2R1, which may alter 25-hydroxylase activity, and GC, which may affect vitamin D binding protein synthesis or metabolite affinity.</Sentence>
	</Abstract>
</Corpus>