<?xml version='1.0' encoding='utf-8'?>
<Corpus xmlns:xsi="http://www.w3.org/2001/XMLSchema-instance"
	xsi:noNamespaceSchemaLocation="Abstract_Structure_v2.xsd">
	<Abstract id="28570216">
		<Sentence ic="1" o="1" p="1" pico="1" structural="Title">Thirteen-year wear rate comparison of highly crosslinked and conventional polyethylene in total hip arthroplasty: long-term follow-up of a prospective randomized controlled trial.</Sentence>
		<Sentence ic="1" o="1" p="1" pico="1" structural="Aim/Background">BACKGROUND: The purpose of this study was to report the radiographic wear rates from a previous randomized controlled trial of first-generation highly crosslinked versus conventional polyethylene in total hip arthroplasty (THA) at a minimum of 13 years' follow-up.</Sentence>
		<Sentence ic="0" o="0" p="1" pico="0" structural="Methodology">METHODS: Patients returned for radiographic imaging and radiostereometric analysis (RSA) .</Sentence>
		<Sentence ic="0" o="1" p="0" pico="0" structural="Methodology">Radiographs were reviewed for the presence of osteolysis or component loosening.</Sentence>
		<Sentence ic="0" o="1" p="0" pico="0" structural="Methodology">Femoral head penetration (which includes both wear and creep) was measured using RSA.</Sentence>
		<Sentence ic="0" o="0" p="0" pico="0" structural="Methodology">We compared Western Ontario and McMaster Universities Osteoarthritis Index (WOMAC), 12-Item Short Form Health Survey (SF-12) and Harris Hip Scores (HHS) with preoperative values.</Sentence>
		<Sentence ic="0" o="1" p="0" pico="0" structural="Conclusion">RESULTS: There was 1 revision in each group.</Sentence>
		<Sentence ic="1" o="1" p="0" pico="0" structural="Conclusion">There was no difference in WOMAC, SF-12, or HHS outcome scores between the highly crosslinked and conventional polyethylene groups (all p = 0.13) .</Sentence>
		<Sentence ic="1" o="1" p="0" pico="0" structural="Conclusion">Wear rate was lower with crosslinked polyethylene than conventional polyethylene (0.04  0.02 mm/year v. 0.08  0.03 mm/year, p = 0.007) .</Sentence>
		<Sentence ic="1" o="1" p="0" pico="0" structural="Conclusion">CONCLUSION: First-generation crosslinked polyethylene demonstrates greater wear resistance than conventional polyethylene after 13 years of implantation.</Sentence>
		<Sentence ic="1" o="1" p="1" pico="1" structural="Conclusion">Crosslinked polyethylene continues to outperform conventional polyethylene into the second decade of implantation.</Sentence>
	</Abstract>
</Corpus>