<?xml version='1.0' encoding='utf-8'?>
<Corpus xmlns:xsi="http://www.w3.org/2001/XMLSchema-instance"
	xsi:noNamespaceSchemaLocation="Abstract_Structure_v2.xsd">
	<Abstract id="28581356">
		<Sentence ic="1" o="0" p="1" pico="0" structural="Title">Adjuvant Pertuzumab and Trastuzumab in Early HER2-Positive Breast Cancer.</Sentence>
		<Sentence ic="1" o="1" p="1" pico="1" structural="Aim/Background">BACKGROUND: Pertuzumab increases the rate of pathological complete response in the preoperative context and increases overall survival among patients with metastatic disease when it is added to trastuzumab and chemotherapy for the treatment of human epidermal growth factor receptor 2 (HER2)-positive breast cancer.</Sentence>
		<Sentence ic="1" o="1" p="1" pico="1" structural="Aim/Background">In this trial, we investigated whether pertuzumab, when added to adjuvant trastuzumab and chemotherapy, improves outcomes among patients with HER2-positive early breast cancer.</Sentence>
		<Sentence ic="1" o="0" p="1" pico="0" structural="Methodology">METHODS: We randomly assigned patients with node-positive or high-risk node-negative HER2-positive, operable breast cancer to receive either pertuzumab or placebo added to standard adjuvant chemotherapy plus 1 year of treatment with trastuzumab.</Sentence>
		<Sentence ic="1" o="1" p="0" pico="0" structural="Methodology">We assumed a 3-year invasive-disease-free survival rate of 91.8% with pertuzumab and 89.2% with placebo.</Sentence>
		<Sentence ic="1" o="1" p="1" pico="1" structural="Conclusion">RESULTS: In the trial population, 63% of the patients who were randomly assigned to receive pertuzumab (2400 patients) or placebo (2405 patients) had node-positive disease and 36% had hormone-receptor-negative disease.</Sentence>
		<Sentence ic="1" o="1" p="1" pico="1" structural="Conclusion">Disease recurrence occurred in 171 patients (7.1%) in the pertuzumab group and 210 patients (8.7%) in the placebo group (hazard ratio, 0.81; 95% confidence interval [CI], 0.66 to 1.00; P=0.045) .</Sentence>
		<Sentence ic="1" o="1" p="1" pico="1" structural="Conclusion">The estimates of the 3-year rates of invasive-disease-free survival were 94.1% in the pertuzumab group and 93.2% in the placebo group.</Sentence>
		<Sentence ic="1" o="1" p="1" pico="1" structural="Conclusion">In the cohort of patients with node-positive disease, the 3-year rate of invasive-disease-free survival was 92.0% in the pertuzumab group, as compared with 90.2% in the placebo group (hazard ratio for an invasive-disease event, 0.77; 95% CI, 0.62 to 0.96; P=0.02) .</Sentence>
		<Sentence ic="1" o="1" p="1" pico="1" structural="Conclusion">In the cohort of patients with node-negative disease, the 3-year rate of invasive-disease-free survival was 97.5% in the pertuzumab group and 98.4% in the placebo group (hazard ratio for an invasive-disease event, 1.13; 95% CI, 0.68 to 1.86; P=0.64) .</Sentence>
		<Sentence ic="0" o="1" p="1" pico="0" structural="Conclusion">Heart failure, cardiac death, and cardiac dysfunction were infrequent in both treatment groups.</Sentence>
		<Sentence ic="1" o="1" p="0" pico="0" structural="Conclusion">Diarrhea of grade 3 or higher occurred almost exclusively during chemotherapy and was more frequent with pertuzumab than with placebo (9.8% vs. 3.7%) .</Sentence>
		<Sentence ic="1" o="1" p="1" pico="1" structural="Conclusion">CONCLUSIONS: Pertuzumab significantly improved the rates of invasive-disease-free survival among patients with HER2-positive, operable breast cancer when it was added to trastuzumab and chemotherapy.</Sentence>
		<Sentence ic="1" o="1" p="0" pico="0" structural="Conclusion">Diarrhea was more common with pertuzumab than with placebo.</Sentence>
		<Sentence ic="0" o="0" p="0" pico="0" structural="Conclusion">(Funded by F. Hoffmann-La Roche/Genentech; APHINITY ClinicalTrials.gov number, NCT01358877) .</Sentence>
	</Abstract>
</Corpus>