<?xml version='1.0' encoding='utf-8'?>
<Corpus xmlns:xsi="http://www.w3.org/2001/XMLSchema-instance"
	xsi:noNamespaceSchemaLocation="Abstract_Structure_v2.xsd">
	<Abstract id="28589669">
		<Sentence ic="1" o="0" p="1" pico="0" structural="Title">An economic evaluation of a multicomponent self-management intervention for adults with epilepsy (ZMILE study) .</Sentence>
		<Sentence ic="1" o="1" p="1" pico="1" structural="Aim/Background">OBJECTIVE: The objective of this (trial-based) economic evaluation was, from a societal perspective, to compare the cost-effectiveness of a multicomponent self-management intervention (MCI) with care as usual (CAU) in adult patients with epilepsy over a 12-month period.</Sentence>
		<Sentence ic="1" o="0" p="1" pico="0" structural="Methodology">METHODS: In a randomized-controlled trial, participants were randomized into intervention or CAU group.</Sentence>
		<Sentence ic="0" o="0" p="0" pico="0" structural="Methodology">Adherence, self-efficacy (Epilepsy Self-Efficacy Scale [ESES]), quality-adjusted life years (QALYs), healthcare costs, production losses, and patient and family costs were assessed at baseline and during the 12-month study period.</Sentence>
		<Sentence ic="0" o="0" p="0" pico="0" structural="Methodology">Incremental cost-effectiveness ratios (ICERs) (ie, cost per increased adherence, self-efficacy, or QALY), and cost-effectiveness acceptability curves were calculated.</Sentence>
		<Sentence ic="0" o="0" p="1" pico="0" structural="Conclusion">RESULTS: In total, 102 patients were included in the study, of whom 52 were in the intervention group.</Sentence>
		<Sentence ic="0" o="1" p="0" pico="0" structural="Conclusion">Adherence rates over 6 months were 63.7% for the CAU group and 75.9% for the intervention group.</Sentence>
		<Sentence ic="0" o="1" p="0" pico="0" structural="Conclusion">Adherence, ESES, and quality of life did not differ significantly between groups.</Sentence>
		<Sentence ic="0" o="1" p="0" pico="0" structural="Conclusion">An ICER of 54 per point increase in ESES score at 6 months and 1,105 per point increase at 12-month follow-up was found.</Sentence>
		<Sentence ic="0" o="1" p="0" pico="0" structural="Conclusion">The intervention resulted in an ICER of 88 per percentage of adherence increase at 6 months.</Sentence>
		<Sentence ic="0" o="1" p="0" pico="0" structural="Conclusion">ICERs of 8,272 and 15,144 per QALY gained were found at 6- and 12-month follow-up, respectively.</Sentence>
		<Sentence ic="1" o="1" p="0" pico="0" structural="Conclusion">Conclusions: SIGNIFICANCE: Although no statistically significant difference was found after baseline adjustments, cost-effectiveness estimates for MCI appear promising.</Sentence>
		<Sentence ic="0" o="0" p="0" pico="0" structural="Conclusion">As rules of inference are arbitrary, it has been argued that decisions should be based only on the net benefits, irrespective of whether differences are statistically significant.</Sentence>
		<Sentence ic="1" o="1" p="1" pico="1" structural="Conclusion">Hence, the MCI may be a cost-effective addition to the current standard care for adults with epilepsy.</Sentence>
	</Abstract>
</Corpus>