<?xml version='1.0' encoding='utf-8'?>
<Corpus xmlns:xsi="http://www.w3.org/2001/XMLSchema-instance"
	xsi:noNamespaceSchemaLocation="Abstract_Structure_v2.xsd">
	<Abstract id="28594783">
		<Sentence ic="1" o="0" p="1" pico="0" structural="Title">Progestogens for Maintenance Tocolysis in Women With a Short Cervix: A Randomized Controlled Trial.</Sentence>
		<Sentence ic="1" o="1" p="1" pico="1" structural="Aim/Background">OBJECTIVE: To assess the efficacy of progestogens for maintenance tocolysis in women undelivered after their first preterm labor episode.</Sentence>
		<Sentence ic="0" o="0" p="1" pico="0" structural="Methodology">METHODS: Women with singleton pregnancies between 22 0/7 and 31 6/7 weeks of gestation with arrested preterm labor and a cervical length 25 mm or less at hospital discharge were eligible.</Sentence>
		<Sentence ic="0" o="0" p="1" pico="0" structural="Methodology">Patients with a previous preterm birth were excluded.</Sentence>
		<Sentence ic="1" o="0" p="0" pico="0" structural="Methodology">In a randomized controlled trial conducted in five university hospitals, women were randomized to receive vaginal progesterone (200 mg per day) or intramuscular 17-hydroxyprogesterone caproate (341 mg per week) or to an observation groups (control group) .</Sentence>
		<Sentence ic="0" o="1" p="1" pico="0" structural="Methodology">The primary outcome was the proportion of women with preterm birth at less than 37 weeks of gestation.</Sentence>
		<Sentence ic="1" o="0" p="0" pico="0" structural="Methodology">A sample size of 160 per group (n=480) was planned to compare vaginal progesterone and 17-hydroxyprogesterone caproate groups with those in the control group.</Sentence>
		<Sentence ic="1" o="1" p="0" pico="0" structural="Methodology">The sample size estimation was based on the hypothesis that the risk of experiencing preterm birth in the control group would be 30% and that 17-hydroxyprogesterone caproate or progesterone would decrease this risk to 15%.</Sentence>
		<Sentence ic="0" o="0" p="0" pico="0" structural="Methodology">A P value of &lt;.025 was defined as statistically significant.</Sentence>
		<Sentence ic="0" o="0" p="0" pico="0" structural="Methodology">At planned interim analysis (n=254), the trial was stopped for futility.</Sentence>
		<Sentence ic="1" o="0" p="1" pico="0" structural="Conclusion">RESULTS: Between July 2010 and June 2015, 257 women were eligible and 254 were subsequently randomly assigned to vaginal progesterone (n=86), 17-hydroxyprogesterone caproate (n=87), or observation (n=81) .</Sentence>
		<Sentence ic="0" o="0" p="0" pico="0" structural="Conclusion">Nineteen (8%) were excluded from the analysis because they either dropped out or information was missing, leaving 235 women available for analysis.</Sentence>
		<Sentence ic="0" o="0" p="0" pico="0" structural="Conclusion">Demographic characteristics were similar across groups.</Sentence>
		<Sentence ic="1" o="1" p="0" pico="0" structural="Conclusion">The preterm birth rate did not differ significantly between groups: 23% in the 17-hydroxyprogesterone caproate group, 39% in the vaginal progesterone group, and 22% in the women in the control group (P=.949 for 17-hydroxyprogesterone caproate compared with the women in the control group and P=.027 for vaginal progesterone compared with women in the control group) .</Sentence>
		<Sentence ic="1" o="1" p="1" pico="1" structural="Conclusion">CONCLUSION: The use of progestogens for maintenance tocolysis in women with a short cervix did not reduce the rate of preterm birth.</Sentence>
		<Sentence ic="0" o="0" p="0" pico="0" structural="Conclusion">CLINICAL TRIAL REGISTRATION: ClinicalTrials.gov, NCT01178788.</Sentence>
	</Abstract>
</Corpus>