<?xml version='1.0' encoding='utf-8'?>
<Corpus xmlns:xsi="http://www.w3.org/2001/XMLSchema-instance"
	xsi:noNamespaceSchemaLocation="Abstract_Structure_v2.xsd">
	<Abstract id="28606219">
		<Sentence ic="1" o="0" p="1" pico="0" structural="Title">Dietary calcium intake and rate of bone loss in men.</Sentence>
		<Sentence ic="1" o="1" p="1" pico="1">A high Ca intake has been recommended for osteoporosis prevention; however, little research has examined the relationship between dietary Ca and bone health in men.</Sentence>
		<Sentence ic="1" o="0" p="1" pico="0">We examined associations between dietary Ca intake, bone mineral density (BMD) and change in BMD at the total body, hip and spine over 2 years in a cohort of men (mean age 57 years, BMI 26 kg/m2) from a trial.</Sentence>
		<Sentence ic="1" o="0" p="0" pico="0">Data from the total cohort (n 323) were used in the analysis of Ca intake and BMD at baseline, and data from the placebo group (n 99) were used in the longitudinal analysis of Ca intake and change in BMD.</Sentence>
		<Sentence ic="1" o="0" p="0" pico="0">Parathyroid hormone (PTH) and the markers of bone turnover serum total alkaline phosphatase activity, serum C-telopeptide and serum procollagen type-1 N-terminal propeptide were measured in a subset of participants at baseline (n 150}, and associations with dietary Ca at baseline were examined.</Sentence>
		<Sentence ic="1" o="0" p="0" pico="0">Mean Ca intake was 870 mg/d.</Sentence>
		<Sentence ic="1" o="1" p="0" pico="0">Baseline BMD was not related to dietary Ca intake at any site, before or after adjustment for covariables.</Sentence>
		<Sentence ic="1" o="1" p="0" pico="0">Similarly, bone loss over 2 years was not related to Ca intake at any site, before or after adjustment.</Sentence>
		<Sentence ic="1" o="1" p="0" pico="0">Dietary Ca intake was inversely correlated with PTH at baseline (r -019, P=002), but was not associated with the markers of bone turnover.</Sentence>
		<Sentence ic="1" o="1" p="1" pico="1">BMD and rates of bone loss were unrelated to Ca intake in these men.</Sentence>
		<Sentence ic="1" o="1" p="1" pico="1">This suggests that strategies to increase Ca intake are unlikely to impact on the prevalence of and morbidity from male osteoporosis.</Sentence>
	</Abstract>
</Corpus>