<?xml version='1.0' encoding='utf-8'?>
<Corpus xmlns:xsi="http://www.w3.org/2001/XMLSchema-instance"
	xsi:noNamespaceSchemaLocation="Abstract_Structure_v2.xsd">
	<Abstract id="28600189">
		<Sentence ic="1" o="0" p="1" pico="0" structural="Title">Effect of high-dose simvastatin on cognitive, neuropsychiatric, and health-related quality-of-life measures in secondary progressive multiple sclerosis: secondary analyses from the MS-STAT randomised, placebo-controlled trial.</Sentence>
		<Sentence ic="1" o="1" p="1" pico="1" structural="Aim/Background">BACKGROUND: In the 24-month MS-STAT phase 2 trial, we showed that high-dose simvastatin significantly reduced the annualised rate of whole brain atrophy in patients with secondary progressive multiple sclerosis (SPMS) .</Sentence>
		<Sentence ic="1" o="0" p="1" pico="0" structural="Aim/Background">We now describe the results of the MS-STAT cognitive substudy, in which we investigated the treatment effect on cognitive, neuropsychiatric, and health-related quality-of-life (HRQoL) outcome measures.</Sentence>
		<Sentence ic="0" o="0" p="1" pico="0" structural="Methodology">METHODS: We did a secondary analysis of MS-STAT, a 24-month, double-blind, controlled trial of patients with SPMS done at three neuroscience centres in the UK between Jan 28, 2008, and Nov 4, 2011.</Sentence>
		<Sentence ic="1" o="0" p="1" pico="0" structural="Methodology">Patients were randomly assigned (1:1) to either 80 mg simvastatin (n=70) or placebo (n=70) .</Sentence>
		<Sentence ic="1" o="0" p="0" pico="0" structural="Methodology">The cognitive assessments done were the National Adult Reading Test, Wechsler Abbreviated Scale of Intelligence, Graded Naming Test, Birt Memory and Information Processing Battery (BMIPB), Visual Object and Space Perception battery (cube analysis), Frontal Assessment Battery (FAB), and Paced Auditory Serial Addition Test.</Sentence>
		<Sentence ic="1" o="0" p="0" pico="0" structural="Methodology">Neuropsychiatric status was assessed using the Hamilton Depression Rating Scale and the Neuropsychiatric Inventory Questionnaire.</Sentence>
		<Sentence ic="1" o="0" p="0" pico="0" structural="Methodology">HRQoL was assessed using the self-reported 36-Item Short Form Survey (SF-36) version 2.</Sentence>
		<Sentence ic="0" o="0" p="0" pico="0" structural="Methodology">Assessments were done at study entry, 12 months, and 24 months.</Sentence>
		<Sentence ic="1" o="0" p="1" pico="0" structural="Methodology">Patients, treating physicians, and outcome assessors were masked to treatment allocation.</Sentence>
		<Sentence ic="0" o="0" p="0" pico="0" structural="Methodology">Analyses were by intention to treat.</Sentence>
		<Sentence ic="0" o="0" p="0" pico="0" structural="Methodology">MS-STAT is registered with ClinicalTrials.gov, number NCT00647348.</Sentence>
		<Sentence ic="0" o="1" p="0" pico="0" structural="Methodology">FINDINGS: Baseline assessment revealed impairments in 60 (45%) of 133 patients on the test of frontal lobe function (FAB), and in between 13 (10%) and 43 (33%) of 130 patients in tests of non-verbal and verbal memory (BMIPB) .</Sentence>
		<Sentence ic="0" o="1" p="0" pico="0" structural="Methodology">Over the entire trial, we noted significant worsening on tests of verbal memory (T score decline of 57 points, 95% CI 36-78; p&lt;00001) and non-verbal memory (decline of 68 points, 48-87; p&lt;00001) .</Sentence>
		<Sentence ic="1" o="1" p="0" pico="0" structural="Methodology">At 24 months, the FAB score was 12 points higher in the simvastatin-treated group than in the placebo group (95% CI 02-23) .</Sentence>
		<Sentence ic="0" o="1" p="0" pico="0" structural="Methodology">The simvastatin group also had a 25 points better mean physical component score of the SF-36 (95% CI 03-48; p=0028) .</Sentence>
		<Sentence ic="0" o="1" p="0" pico="0" structural="Methodology">A treatment effect was not noted for any other outcomes.</Sentence>
		<Sentence ic="1" o="0" p="0" pico="0" structural="Conclusion">Conclusions: INTERPRETATION: To our knowledge, this SPMS cohort is the largest studied to date with comprehensive longitudinal cognitive, neuropsychiatric, and HRQoL assessments.</Sentence>
		<Sentence ic="0" o="1" p="0" pico="0" structural="Conclusion">We found evidence of a positive effect of simvastatin on frontal lobe function and a physical quality-of-life measure.</Sentence>
		<Sentence ic="0" o="1" p="0" pico="0" structural="Conclusion">Although we found no effect of simvastatin on the other outcome measures, these potential effects warrant confirmation and underline the importance of fully assessing cognition and quality of life in progressive multiple sclerosis treatment trials.</Sentence>
		<Sentence ic="0" o="0" p="0" pico="0" structural="Conclusion">FUNDING: The Moulton Foundation, the Berkeley Foundation, the Multiple Sclerosis Trials Collaboration, the Rosetrees Trust, a personal contribution from A W Pidgley CBE, and the National Institute for Health Research University College London Hospitals Biomedical Research Centre and University College London.</Sentence>
	</Abstract>
</Corpus>