<?xml version='1.0' encoding='utf-8'?>
<Corpus xmlns:xsi="http://www.w3.org/2001/XMLSchema-instance"
	xsi:noNamespaceSchemaLocation="Abstract_Structure_v2.xsd">
	<Abstract id="28604916">
		<Sentence ic="1" o="0" p="1" pico="0" structural="Title">Interpreting Lymphocyte Reconstitution Data From the Pivotal Phase 3 Trials of Alemtuzumab.</Sentence>
		<Sentence ic="1" o="0" p="0" pico="0" structural="Aim/Background">Importance: Alemtuzumab, a CD52-depleting monoclonal antibody, effectively inhibits relapsing multiple sclerosis (MS) but is associated with a high incidence of secondary B-cell autoimmunities that limit use.</Sentence>
		<Sentence ic="0" o="0" p="0" pico="0" structural="Aim/Background">These effects may be avoided through control of B-cell hyperproliferation.</Sentence>
		<Sentence ic="1" o="0" p="1" pico="0" structural="Aim/Background">Objective: To investigate whether the data describing the effect of alemtuzumab on lymphocyte subsets collected during the phase 3 trial program reveal mechanisms explaining efficacy and the risk for secondary autoimmunity with treatment of MS .</Sentence>
		<Sentence ic="1" o="0" p="1" pico="0" structural="Other">Design, Setting, and Participants: Lymphocyte reconstitution data from regulatory submissions of the pivotal Comparison of Alemtuzumab and Rebif Efficacy in Multiple Sclerosis I and II (CARE-MS I and II) trials were obtained from the European Medicines Agency via Freedom of Information requests.</Sentence>
		<Sentence ic="0" o="0" p="0" pico="0" structural="Other">Data used in this study were reported from June 22 to October 12, 2016.</Sentence>
		<Sentence ic="1" o="0" p="0" pico="0" structural="Conclusion">Main Outcomes and Measures: Tabulated data from T- and B-lymphocyte subset analysis and antidrug antibody responses were extracted from the supplied documents.</Sentence>
		<Sentence ic="1" o="1" p="0" pico="0" structural="Conclusion">Results: Alemtuzumab depleted CD4+ T cells by more than 95%, including regulatory cells (-80%) and CD8+ T cells (&gt;80% depletion), which remained well below reference levels throughout the trials.</Sentence>
		<Sentence ic="0" o="1" p="0" pico="0" structural="Conclusion">However, although CD19+ B cells were initially also depleted (&gt;85%), marked (180% increase) hyperrepopulation of immature B cells occurred with conversion to mature B cells over time.</Sentence>
		<Sentence ic="1" o="1" p="0" pico="0" structural="Conclusion">These lymphocyte kinetics were associated with rapid development of alemtuzumab-binding and -neutralizing antibodies and subsequent occurrence of secondary B-cell autoimmunity.</Sentence>
		<Sentence ic="0" o="1" p="1" pico="1" structural="Conclusion">Hyperrepopulation of B cells masked a marked, long-term depletion of CD19+ memory B cells that may underpin efficacy in MS .</Sentence>
		<Sentence ic="1" o="1" p="0" pico="0" structural="Conclusion">Conclusions and Relevance: Although blockade of memory T and B cells may limit MS, rapid CD19+ B-cell subset repopulation in the absence of effective T-cell regulation has implications for the safety and efficacy of alemtuzumab.</Sentence>
		<Sentence ic="1" o="0" p="0" pico="0" structural="Conclusion">Controlling B-cell proliferation until T-cell regulation recovers may limit secondary autoimmunity, which does not occur with other B-cell-depleting agents.</Sentence>
	</Abstract>
</Corpus>