<?xml version='1.0' encoding='utf-8'?>
<Corpus xmlns:xsi="http://www.w3.org/2001/XMLSchema-instance"
	xsi:noNamespaceSchemaLocation="Abstract_Structure_v2.xsd">
	<Abstract id="28625777">
		<Sentence ic="1" o="1" p="1" pico="1" structural="Title">Safety and tolerability of subcutaneous trastuzumab for the adjuvant treatment of human epidermal growth factor receptor 2-positive early breast cancer: SafeHer phase III study's primary analysis of 2573 patients.</Sentence>
		<Sentence ic="1" o="1" p="1" pico="1" structural="Aim/Background">AIM: To assess the safety and tolerability of adjuvant subcutaneous trastuzumab (Herceptin() SC, H SC), delivered from an H SC Vial via hand-held syringe (Cohort A) or single-use injection device (Cohort B), with or without chemotherapy, for human epidermal growth factor receptor 2 (HER2)-positive stage I to IIIC early breast cancer (EBC) in the phase III SafeHer study (NCT01566721) .</Sentence>
		<Sentence ic="1" o="0" p="1" pico="0" structural="Methodology">METHODS: Patients received 600 mg fixed-dose H SC every 3 weeks for 18 cycles.</Sentence>
		<Sentence ic="0" o="0" p="0" pico="0" structural="Methodology">The chemotherapy partner was at the investigators' discretion (H SC monotherapy was limited to 10% of the population) .</Sentence>
		<Sentence ic="0" o="0" p="0" pico="0" structural="Methodology">Data from the first H SC dose until 28 days (plus a 5-day window) after the last dose are presented.</Sentence>
		<Sentence ic="0" o="0" p="0" pico="0" structural="Methodology">Results are descriptive.</Sentence>
		<Sentence ic="0" o="1" p="1" pico="0" structural="Conclusion">RESULTS: In the overall population, 2282/2573 patients (88.7%) experienced adverse events (AEs) .</Sentence>
		<Sentence ic="0" o="1" p="1" pico="0" structural="Conclusion">Of the above, 128 (5.0%) patients experienced AEs leading to study drug discontinuation; 596 (23.2%) experienced grade  3 AEs and 326 (12.7%) experienced serious AEs.</Sentence>
		<Sentence ic="0" o="1" p="1" pico="0" structural="Conclusion">Grade  3 cardiac disorders were reported in 24 patients (0.9%), including congestive heart failure in eight (0.3%) .</Sentence>
		<Sentence ic="1" o="1" p="1" pico="1" structural="Conclusion">As expected, the AE rates varied according to the timing of chemotherapy in both cohorts, with higher rates in concurrent versus sequential chemotherapy subgroups.</Sentence>
		<Sentence ic="1" o="1" p="1" pico="1" structural="Conclusion">In the concurrent chemotherapy subgroup, AEs were more common during the actual period of concurrent chemotherapy compared with the period when patients did not receive concurrent chemotherapy.</Sentence>
		<Sentence ic="1" o="1" p="1" pico="1" structural="Conclusion">CONCLUSION: SafeHer confirms the safety and tolerability of the H SC 600 mg fixed dose for 1 year (every 3 weeks for 18 cycles) as adjuvant therapy with concurrent or sequential chemotherapy for HER2-positive EBC.</Sentence>
		<Sentence ic="1" o="1" p="0" pico="0" structural="Conclusion">These primary analysis results are consistent with the known safety profile for intravenous H and H SC.</Sentence>
	</Abstract>
</Corpus>