<?xml version='1.0' encoding='utf-8'?>
<Corpus xmlns:xsi="http://www.w3.org/2001/XMLSchema-instance"
	xsi:noNamespaceSchemaLocation="Abstract_Structure_v2.xsd">
	<Abstract id="28645428">
		<Sentence ic="1" o="1" p="1" pico="1" structural="Title">Cost-effectiveness of laparoscopy as diagnostic tool before primary cytoreductive surgery in ovarian cancer.</Sentence>
		<Sentence ic="1" o="1" p="1" pico="1" structural="Aim/Background">OBJECTIVE: To evaluate the cost-effectiveness of a diagnostic laparoscopy prior to primary cytoreductive surgery to prevent futile primary cytoreductive surgery (ie leaving &gt;1cm residual disease) in patients suspected of advanced stage ovarian cancer.</Sentence>
		<Sentence ic="1" o="0" p="1" pico="0" structural="Methodology">METHODS: An economic analysis was conducted alongside a randomized controlled trial in which patients suspected of advanced stage ovarian cancer who qualified for primary cytoreductive surgery were randomized to either laparoscopy or primary cytoreductive surgery.</Sentence>
		<Sentence ic="0" o="0" p="0" pico="0" structural="Methodology">Direct medical costs from a health care perspective over a 6-month time horizon were analyzed.</Sentence>
		<Sentence ic="1" o="1" p="1" pico="0" structural="Methodology">Health outcomes were expressed in quality-adjusted life-years (QALYs) and utility was based on patient's response to the EQ-5D questionnaires.</Sentence>
		<Sentence ic="0" o="1" p="0" pico="0" structural="Methodology">We primarily focused on direct medical costs based on Dutch standard prices.</Sentence>
		<Sentence ic="1" o="0" p="1" pico="0" structural="Conclusion">RESULTS: We studied 201 patients, of whom 102 were randomized to laparoscopy and 99 to primary cytoreductive surgery.</Sentence>
		<Sentence ic="0" o="1" p="0" pico="0" structural="Conclusion">No significant difference in QALYs (utility=0.01; 95% CI 0.006 to 0.02) was observed.</Sentence>
		<Sentence ic="1" o="1" p="0" pico="0" structural="Conclusion">Laparoscopy reduced the number of futile laparotomies from 39% to 10%, while its costs were  1400 per intervention, making the overall costs of both strategies comparable (difference  -80 per patient (95% CI -470 to 300)) .</Sentence>
		<Sentence ic="0" o="0" p="0" pico="0" structural="Conclusion">Findings were consistent across various sensitivity analyses.</Sentence>
		<Sentence ic="1" o="1" p="1" pico="1" structural="Conclusion">CONCLUSION: In patients with suspected advanced stage ovarian cancer, a diagnostic laparoscopy reduced the number of futile laparotomies, without increasing total direct medical health care costs, or adversely affecting complications or quality of life.</Sentence>
	</Abstract>
</Corpus>