<?xml version='1.0' encoding='utf-8'?>
<Corpus xmlns:xsi="http://www.w3.org/2001/XMLSchema-instance"
	xsi:noNamespaceSchemaLocation="Abstract_Structure_v2.xsd">
	<Abstract id="28642125">
		<Sentence ic="1" o="0" p="1" pico="0" structural="Title">Safety and efficacy of dual-lead thalamic deep brain stimulation for patients with treatment-refractory multiple sclerosis tremor: a single-centre, randomised, single-blind, pilot trial.</Sentence>
		<Sentence ic="1" o="0" p="0" pico="0" structural="Aim/Background">BACKGROUND: Efficacy in previous studies of surgical treatments of refractory multiple sclerosis tremor using lesioning or deep brain stimulation (DBS) has been variable.</Sentence>
		<Sentence ic="0" o="1" p="0" pico="0" structural="Aim/Background">The aim of this study was to investigate the safety and efficacy of dual-lead thalamic DBS (one targeting the ventralis intermedius-ventralis oralis posterior nucleus border [the VIM lead] and one targeting the ventralis oralis anterior-ventralis oralis posterior border [the VO lead]) for the treatment of multiple sclerosis tremor.</Sentence>
		<Sentence ic="0" o="0" p="0" pico="0" structural="Methodology">METHODS: We did a single centre, single-blind, prospective, randomised pilot trial at the University of Florida Center for Movement Disorders and Neurorestoration clinic (Gainesville, FL, USA) .</Sentence>
		<Sentence ic="0" o="0" p="1" pico="0" structural="Methodology">We recruited adult patients with a clinical diagnosis of multiple sclerosis tremor refractory to previous medical therapy.</Sentence>
		<Sentence ic="1" o="0" p="1" pico="0" structural="Methodology">Before surgery to implant both leads, we randomly assigned patients (1:1) to receive 3 months of optimised single-lead DBS-either VIM or VO.</Sentence>
		<Sentence ic="0" o="0" p="0" pico="0" structural="Methodology">We did the randomisation with a computer-generated sequence, using three blocks of four patients, and independent members of the Center did the assignment.</Sentence>
		<Sentence ic="0" o="0" p="0" pico="0" structural="Methodology">Patients and all clinicians other than the DBS programming nurse were masked to the choice of lead.</Sentence>
		<Sentence ic="1" o="0" p="1" pico="0" structural="Methodology">Patients underwent surgery 1 month after their baseline visit for implantation of the dual lead DBS system.</Sentence>
		<Sentence ic="1" o="0" p="0" pico="0" structural="Methodology">A pulse generator and two extension cables were implanted in a second surgery 3-4 weeks later.</Sentence>
		<Sentence ic="1" o="0" p="1" pico="0" structural="Methodology">Patients then received an initial 3-month period of continuous stimulation of either the VIM or VO lead followed by blinded safety assessment of their tremor with the Tolosa-Fahn-Marin Tremor Rating Scale (TRS) during optimised VIM or VO lead stimulation at the end of the 3 months.</Sentence>
		<Sentence ic="1" o="0" p="0" pico="0" structural="Methodology">After this visit, both leads were activated in all patients for an additional 3 months, and optimally programmed during serial visits as dictated by a prespecified programming algorithm.</Sentence>
		<Sentence ic="1" o="0" p="0" pico="0" structural="Methodology">At the 6-month follow-up visit, TRS score was measured, and mood and psychological batteries were administered under four stimulation conditions: VIM on, VO on, both on, and both off (the order of testing was chosen by a computer-generated random sequence, assigned by independent members of the centre, and enacted by an unmasked DBS programming nurse) .</Sentence>
		<Sentence ic="1" o="0" p="0" pico="0" structural="Methodology">Each of four stimulation settings were tested over 4 consecutive days, with stimulation settings held constant for at least 12 h before testing.</Sentence>
		<Sentence ic="0" o="1" p="0" pico="0" structural="Methodology">The primary outcome was change in mean total TRS score at the 6-month postoperative assessment with both leads activated, compared with the preoperative baseline mean TRS score.</Sentence>
		<Sentence ic="0" o="0" p="0" pico="0" structural="Methodology">Analysis was by intention to treat.</Sentence>
		<Sentence ic="1" o="0" p="0" pico="0" structural="Methodology">Safety was analysed in all patients who received the surgical implantation except in one patient who discontinued before the safety assessment.</Sentence>
		<Sentence ic="0" o="0" p="0" pico="0" structural="Methodology">This trial is registered with ClinicalTrials.gov, number NCT00954421.</Sentence>
		<Sentence ic="0" o="0" p="1" pico="0" structural="Methodology">FINDINGS: Between Jan 16, 2007, and Dec 17, 2013, we enrolled 12 patients who were randomly assigned either to 3 initial months of VIM-only or VO-only stimulation.</Sentence>
		<Sentence ic="0" o="1" p="1" pico="0" structural="Methodology">One patient from the VO-only group developed an infection necessitating DBS explantation, and was excluded from the assessment of the primary outcome.</Sentence>
		<Sentence ic="0" o="0" p="0" pico="1" structural="Methodology">Compared with the mean baseline TRS score of 570 (SD 102), the mean score at 6 months decreased to 401 (176), -296% reduction; t=-028, p=003.</Sentence>
		<Sentence ic="1" o="1" p="0" pico="0" structural="Methodology">Three of 11 patients did not respond to surgical intervention.</Sentence>
		<Sentence ic="1" o="1" p="0" pico="0" structural="Methodology">One patient died suddenly 2 years after surgery, but this was judged to be unrelated to DBS implantation.</Sentence>
		<Sentence ic="0" o="1" p="0" pico="0" structural="Methodology">Serious adverse events included a superficial wound infection in one patient that resolved with antibiotic therapy, and transient altered mental status and late multiple sclerosis exacerbation in another patient.</Sentence>
		<Sentence ic="0" o="1" p="0" pico="0" structural="Methodology">The most common non-serious adverse events were headache and fatigue.</Sentence>
		<Sentence ic="0" o="1" p="1" pico="0" structural="Conclusion">Conclusions: INTERPRETATION: Dual lead thalamic DBS might be a safe and effective option for improving severe, refractory multiple sclerosis tremor.</Sentence>
		<Sentence ic="0" o="0" p="1" pico="0" structural="Conclusion">Larger studies are necessary to show whether this technique is widely applicable, safe in the long-term, and effective in treating multiple sclerosis tremor or other severe tremor disorders.</Sentence>
		<Sentence ic="0" o="0" p="0" pico="0" structural="Conclusion">FUNDING: US National Institutes of Health, the Cathy Donnellan, Albert E Einstein, and Birdie W Einstein Fund, and the William Merz Professorship.</Sentence>
	</Abstract>
</Corpus>