<?xml version='1.0' encoding='utf-8'?>
<Corpus xmlns:xsi="http://www.w3.org/2001/XMLSchema-instance"
	xsi:noNamespaceSchemaLocation="Abstract_Structure_v2.xsd">
	<Abstract id="28656383">
		<Sentence ic="1" o="0" p="1" pico="0" structural="Title">A phase II study of irinotecan and pegylated liposomal doxorubicin in platinum-resistant recurrent ovarian cancer (Tohoku Gynecologic Cancer Unit 104 study) .</Sentence>
		<Sentence ic="1" o="0" p="1" pico="0" structural="Aim/Background">PURPOSE: We report a phase II clinical study of the combination of irinotecan (CPT-11) and pegylated liposomal doxorubicin (PLD) in platinum- and taxane-resistant recurrent ovarian cancer, based on the recommended doses determined in a phase I trial.</Sentence>
		<Sentence ic="1" o="0" p="0" pico="0" structural="Methodology">METHODS: PLD was administered intravenously at a dose of 30 mg/m(2) on day 3.</Sentence>
		<Sentence ic="1" o="0" p="0" pico="0" structural="Methodology">CPT-11 was administered intravenously at a dose of 80 mg/m(2) on days 1 and 15, according to the recommendations of the phase I study.</Sentence>
		<Sentence ic="1" o="0" p="1" pico="0" structural="Methodology">A single course of chemotherapy lasted 28 days, and patients underwent at least 2 courses until disease progression.</Sentence>
		<Sentence ic="0" o="1" p="0" pico="0" structural="Methodology">The primary endpoint was antitumor efficacy, and the secondary endpoints were adverse events, progression-free survival (PFS), and overall survival (OS) .</Sentence>
		<Sentence ic="0" o="1" p="0" pico="0" structural="Conclusion">RESULTS: The response rate was 32.3% and the disease control rate was 64.5%.</Sentence>
		<Sentence ic="0" o="1" p="0" pico="0" structural="Conclusion">Grade 3 and 4 neutropenia, anemia, and a decrease in platelet count were observed in 17 (54.9%), 3 (9.7%), and 1 patient (3.2%), respectively.</Sentence>
		<Sentence ic="0" o="1" p="0" pico="0" structural="Conclusion">In terms of grade 3 or higher non-hematologic toxicities, grade 3 nausea occurred in 1 patient (3.2%), vomiting in 3 patients (9.7%), and grade 3 diarrhea and fatigue in 1 patient (3.2%) .</Sentence>
		<Sentence ic="0" o="1" p="0" pico="0" structural="Conclusion">The median PFS and OS rates were 2 months and not reached, respectively.</Sentence>
		<Sentence ic="0" o="1" p="1" pico="0" structural="Conclusion">Of the 11 patients with a treatment-free interval (TFI) of 3 months, the response rate was 63.3%, and the median PFS was 7 months.</Sentence>
		<Sentence ic="0" o="1" p="1" pico="0" structural="Conclusion">CONCLUSIONS: The treatment outcomes for the 31 patients enrolled in this study were unsatisfactory.</Sentence>
		<Sentence ic="0" o="1" p="1" pico="0" structural="Conclusion">However, sub-analysis suggested that patients with a TFI of 3 months had a good response rate and PFS.</Sentence>
		<Sentence ic="1" o="1" p="1" pico="0" structural="Conclusion">This suggests that CPT-11/PLD combination therapy may be a chemotherapy option for platinum-resistant recurrent ovarian cancer.</Sentence>
	</Abstract>
</Corpus>