<?xml version='1.0' encoding='utf-8'?>
<Corpus xmlns:xsi="http://www.w3.org/2001/XMLSchema-instance"
	xsi:noNamespaceSchemaLocation="Abstract_Structure_v2.xsd">
	<Abstract id="28664912">
		<Sentence ic="1" o="1" p="0" pico="0" structural="Title">A combined biomarker panel shows improved sensitivity for the early detection of ovarian cancer allowing the identification of the most aggressive type II tumours.</Sentence>
		<Sentence ic="0" o="0" p="0" pico="0" structural="Aim/Background">BACKGROUND: There is an urgent need for biomarkers for the early detection of ovarian cancer (OC) .</Sentence>
		<Sentence ic="1" o="1" p="0" pico="0" structural="Aim/Background">The purpose of this study was to assess whether changes in serum levels of lecithin-cholesterol acyltransferase (LCAT), sex hormone-binding globulin (SHBG), glucose-regulated protein, 78kDa (GRP78), calprotectin and insulin-like growth factor-binding protein 2 (IGFBP2) are observed before clinical presentation and to assess the performance of these markers alone and in combination with CA125 for early detection.</Sentence>
		<Sentence ic="0" o="0" p="0" pico="0" structural="Methodology">METHODS: This nested case-control study used samples from the United Kingdom Collaborative Trial of Ovarian Cancer Screening trial.</Sentence>
		<Sentence ic="0" o="0" p="1" pico="0" structural="Methodology">The sample set consisted of 482 serum samples from 49 OC subjects and 31 controls, with serial samples spanning up to 7 years pre-diagnosis.</Sentence>
		<Sentence ic="0" o="0" p="1" pico="0" structural="Methodology">The set was divided into the following: (I) a discovery set, which included all women with only two samples from each woman, the first at&lt;14 months and the second at &gt;32 months to diagnosis; and (ii) a corroboration set, which included all the serial samples from the same women spanning the 7-year period.</Sentence>
		<Sentence ic="0" o="0" p="0" pico="0" structural="Methodology">Lecithin-cholesterol acyltransferase, SHBG, GRP78, calprotectin and IGFBP2 were measured using ELISA.</Sentence>
		<Sentence ic="0" o="1" p="0" pico="0" structural="Methodology">The performance of the markers to detect cancers pre-diagnosis was assessed.</Sentence>
		<Sentence ic="0" o="0" p="0" pico="0" structural="Conclusion">RESULTS: A combined threshold model IGFBP2 &gt;78.5ngml(-1):LCAT &lt;8.831gml(-1):CA125 &gt;35Uml(-1) outperformed CA125 alone for the earlier detection of OC.</Sentence>
		<Sentence ic="0" o="0" p="0" pico="0" structural="Conclusion">The threshold model was able to identify the most aggressive Type II cancers.</Sentence>
		<Sentence ic="0" o="0" p="0" pico="0" structural="Conclusion">In addition, it increased the lead time by 5-6 months and identified 26% of Type I subjects and 13% of Type II subjects that were not identified by CA125 alone.</Sentence>
		<Sentence ic="1" o="1" p="0" pico="0" structural="Conclusion">CONCLUSIONS: Combined biomarker panels (IGFBP2, LCAT and CA125) outperformed CA125 up to 3 years pre-diagnosis, identifying cancers missed by CA125, providing increased diagnostic lead times for Type I and Type II OC.</Sentence>
		<Sentence ic="1" o="1" p="0" pico="0" structural="Conclusion">The model identified more aggressive Type II cancers, with women crossing the threshold dying earlier, indicating that these markers can improve on the sensitivity of CA125 alone for the early detection of OC.</Sentence>
	</Abstract>
</Corpus>