<?xml version='1.0' encoding='utf-8'?>
<Corpus xmlns:xsi="http://www.w3.org/2001/XMLSchema-instance"
	xsi:noNamespaceSchemaLocation="Abstract_Structure_v2.xsd">
	<Abstract id="28662153">
		<Sentence ic="1" o="1" p="1" pico="0" structural="Title">Effectiveness of acute in-hospital physiotherapy with knee-extension strength training in reducing strength deficits in patients with a hip fracture: A randomised controlled trial.</Sentence>
		<Sentence ic="1" o="1" p="1" pico="1">QUESTION: Is acute in-hospital physiotherapy with additional progressive knee-extension strength training (ST) of the fractured limb more effective in reducing knee-extension strength deficit at follow-up compared to physiotherapy without strength training in patients with a hip fracture.</Sentence>
		<Sentence ic="0" o="0" p="0" pico="0" structural="Other">DESIGN: Assessor blinded, randomised controlled trial with intention-to-treat analysis.</Sentence>
		<Sentence ic="0" o="0" p="1" pico="0" structural="Other">PARTICIPANTS: 90 patients with a hip fracture admitted to an acute orthopaedic Hip Fracture Unit at a university hospital between October 2013 and May 2015.</Sentence>
		<Sentence ic="1" o="0" p="1" pico="0" structural="Methodology">INTERVENTION: Daily physiotherapy with or without progressive knee-extension strength training (10RM), 3 x 10 repetitions, of the fractured limb using ankle weight cuffs conducted by ward physical therapists during hospital stay.</Sentence>
		<Sentence ic="0" o="1" p="1" pico="0" structural="Methodology">OUTCOME MEASURES: Primary outcome was the change in maximal isometric knee-extension strength in the fractured limb in percentage of the non-fractured limb from inclusion to postoperative day 10 or discharge (follow-up) .</Sentence>
		<Sentence ic="0" o="1" p="0" pico="0" structural="Methodology">Secondary outcome was Timed Up and Go test measured early after surgery and at follow-up.</Sentence>
		<Sentence ic="1" o="0" p="0" pico="0" structural="Conclusion">RESULTS: In the intention-to-treat analysis of between-group differences, the primary outcome improved 8.1% (95% CI -2.3; 18.4) by additional strength training from baseline to follow-up.</Sentence>
		<Sentence ic="1" o="0" p="0" pico="0" structural="Conclusion">In the per-protocol analysis of non-missing data, significant between-group improvements by 10.5% (95% CI 0.3; 20.7) were found in favour of additional ST .</Sentence>
		<Sentence ic="0" o="0" p="0" pico="0" structural="Conclusion">No significant between-group differences were found in any secondary outcome.</Sentence>
		<Sentence ic="1" o="1" p="1" pico="1" structural="Conclusion">CONCLUSION: Physiotherapy with addition of 5 sessions of ST yielded no additional improvements compared to physiotherapy without strength training in reducing the knee-extension strength deficit at follow-up in patients with a hip fracture.</Sentence>
		<Sentence ic="1" o="0" p="0" pico="0" structural="Conclusion">It is debatable whether larger improvements than the observed 8-10% can be expected given that only five exercise sessions, on average, were completed.</Sentence>
		<Sentence ic="1" o="0" p="1" pico="0" structural="Conclusion">In fragile patients with a hip fracture in the acute phase, where the ability to participate in functional exercise is compromised, we still consider early strength training a possibility to improve outcomes of clinical importance, given the results of the per-protocol analysis.</Sentence>
		<Sentence ic="0" o="0" p="0" pico="0" structural="Conclusion">The present data provides an important basis and call for future investigations including longer term interventions.</Sentence>
		<Sentence ic="0" o="0" p="0" pico="0" structural="Conclusion">TRIAL REGISTRATION: Clinicaltrials.gov NCT00848913.</Sentence>
	</Abstract>
</Corpus>