<?xml version='1.0' encoding='utf-8'?>
<Corpus xmlns:xsi="http://www.w3.org/2001/XMLSchema-instance"
	xsi:noNamespaceSchemaLocation="Abstract_Structure_v2.xsd">
	<Abstract id="28663405">
		<Sentence ic="1" o="0" p="1" pico="0" structural="Title">Prospective randomised trial of non-operative versus operative management of olecranon fractures in the elderly.</Sentence>
		<Sentence ic="1" o="0" p="1" pico="0">AIMS: The aim of this prospective randomised controlled trial was to compare non-operative and operative management for acute isolated displaced fractures of the olecranon in patients aged  75 years.</Sentence>
		<Sentence ic="0" o="0" p="1" pico="0" structural="Methodology">PATIENTS AND METHODS: Patients were randomised to either non-operative management or operative management with either tension-band wiring or fixation with a plate.</Sentence>
		<Sentence ic="0" o="0" p="0" pico="0" structural="Methodology">They were reviewed at six weeks, three and six months and one year after the injury.</Sentence>
		<Sentence ic="0" o="0" p="0" pico="0" structural="Methodology">The primary outcome measure was the Disabilities of the Arm, Shoulder and Hand (DASH) score at one year.</Sentence>
		<Sentence ic="0" o="0" p="1" pico="0" structural="Conclusion">RESULTS: A total of 19 patients were randomised to non-operative (n = 8) or operative (n = 11; tension-band wiring (n = 9), plate (n = 2)) management.</Sentence>
		<Sentence ic="0" o="0" p="0" pico="0" structural="Conclusion">The trial was stopped prematurely as the rate of complications (nine out of 11, 81.8%) in the operative group was considered to be unacceptable.</Sentence>
		<Sentence ic="0" o="1" p="0" pico="0" structural="Conclusion">There was, however, no difference in the mean DASH scores between the groups at all times.</Sentence>
		<Sentence ic="0" o="1" p="1" pico="0" structural="Conclusion">The mean score was 23 (0 to 59.6) in the non-operative group and 22 (2.5 to 57.8) in the operative group, one year after the injury (p = 0.763) .</Sentence>
		<Sentence ic="0" o="1" p="0" pico="0" structural="Conclusion">There was no significant difference between groups in the secondary outcome measures of the Broberg and Morrey Score or the Mayo Elbow Score at any time during the one year following injury (all p  0.05) .</Sentence>
		<Sentence ic="1" o="0" p="1" pico="0" structural="Conclusion">CONCLUSION: These data further support the role of primary non-operative management of isolated displaced fractures of the olecranon in the elderly.</Sentence>
		<Sentence ic="0" o="0" p="0" pico="0" structural="Conclusion">However, the non-inferiority of non-operative management cannot be proved as the trial was stopped prematurely.</Sentence>
		<Sentence ic="0" o="0" p="0" pico="0" structural="Conclusion">Cite this article: Bone Joint J 2017;99-B:964-72.</Sentence>
	</Abstract>
</Corpus>