<?xml version='1.0' encoding='utf-8'?>
<Corpus xmlns:xsi="http://www.w3.org/2001/XMLSchema-instance"
	xsi:noNamespaceSchemaLocation="Abstract_Structure_v2.xsd">
	<Abstract id="28678853">
		<Sentence ic="1" o="1" p="0" pico="0" structural="Title">Randomized clinical trial comparing efficacy and safety of brand versus generic alendronate (Bonmax) .</Sentence>
		<Sentence ic="1" o="1" p="0" pico="0" structural="Aim/Background">INTRODUCTION: Although the same efficacy and tolerability are anticipated due to both drugs containing the same active ingredients, comparative studies between brand and generic alendronate are limited.</Sentence>
		<Sentence ic="1" o="1" p="0" pico="0" structural="Aim/Background">Accordingly, the objective of this study was to compare efficacy and safety between brand alendronate and a recently introduced generic alendronate drug.</Sentence>
		<Sentence ic="1" o="0" p="1" pico="0" structural="Methodology">METHODS: A total of 140 postmenopausal women or men aged older than 50 years who met the indications for osteoporosis treatment were randomized to receive either generic (Bonmax) or brand alendronate (Fosamax) 70 mg/week over a 12-month period during the May 2014 to June 2015 study period.</Sentence>
		<Sentence ic="0" o="1" p="0" pico="0" structural="Methodology">Endpoints included bone mineral density (BMD) changes at the lumbar spine, total hip, and femoral neck; percentage of patients with predefined levels of change in total hip and lumbar spine BMD at 12 months; and, changes in biochemical bone markers at 3, 6, and 12 months.</Sentence>
		<Sentence ic="0" o="1" p="0" pico="0" structural="Methodology">Tolerability was evaluated by patient self-reporting of adverse experiences.</Sentence>
		<Sentence ic="0" o="1" p="0" pico="0" structural="Conclusion">RESULTS: At 12 months post-treatment, BMD significantly increased at all sites in both groups.</Sentence>
		<Sentence ic="0" o="1" p="0" pico="0" structural="Conclusion">There were no differences in BMD percentage changes or the number of patients with stable or increased BMD after 1 year between groups.</Sentence>
		<Sentence ic="0" o="1" p="0" pico="0" structural="Conclusion">No significant differences in the amount of biochemical bone marker reduction or incidence of adverse events were observed between groups.</Sentence>
		<Sentence ic="1" o="1" p="0" pico="0" structural="Conclusion">CONCLUSIONS: Generic and brand alendronate produced similar gains in BMD and reduction in bone turnover markers.</Sentence>
		<Sentence ic="0" o="1" p="0" pico="0" structural="Conclusion">Both medicadoitions were also equally well-tolerated.</Sentence>
		<Sentence ic="1" o="0" p="0" pico="0" structural="Conclusion">Based on these findings, generic alendronate (Bonmax) is a viable alternative to the original brand of alendronate.</Sentence>
		<Sentence ic="0" o="0" p="0" pico="0" structural="Conclusion">TRIAL REGISTRATION: ClinicalTrials.gov NCT02371252.</Sentence>
	</Abstract>
</Corpus>