<?xml version='1.0' encoding='utf-8'?>
<Corpus xmlns:xsi="http://www.w3.org/2001/XMLSchema-instance"
	xsi:noNamespaceSchemaLocation="Abstract_Structure_v2.xsd">
	<Abstract id="28681388">
		<Sentence ic="1" o="1" p="1" pico="1" structural="Title">Matrix metalloproteinase 9 is decreased in natalizumab-treated multiple sclerosis patients at risk for progressive multifocal leukoencephalopathy.</Sentence>
		<Sentence ic="1" o="1" p="1" pico="1  " structural="Aim/Background">OBJECTIVE: To identify biomarkers associated with the development of progressive multifocal leukoencephalopathy (PML) in multiple sclerosis (MS) patients treated with natalizumab (NTZ) .</Sentence>
		<Sentence ic="0" o="0" p="1" pico="0" structural="Methodology">METHODS: Relapsing-remitting MS patients who developed PML under NTZ therapy (pre-PML) and non-PML NTZ-treated patients (NTZ-ctr) were included in the study.</Sentence>
		<Sentence ic="1" o="0" p="0" pico="0" structural="Methodology">Cryopreserved peripheral blood mononuclear cells and serum samples collected at baseline, at 1- and 2-year treated time points, and during PML were analyzed for gene expression by RNA sequencing and for serum protein levels by Luminex and enzyme-linked immunosorbent assays, respectively.</Sentence>
		<Sentence ic="0" o="1" p="1" pico="0" structural="Conclusion">RESULTS: Among top differentially expressed genes in the RNA sequencing between pre-PML and NTZ-ctr patients, pathway analysis revealed a high representation of genes belonging to the following categories: proangiogenic factors (MMP9, VEGFA), chemokines (CXCL1, CXCL5, IL8, CCL2), cytokines (IL1B, IFNG), and plasminogen- and coagulation-related molecules (SERPINB2, PLAU, PLAUR, TFPI, THBD) .</Sentence>
		<Sentence ic="1" o="0" p="1" pico="0" structural="Conclusion">Serum protein levels for these candidates were measured in a 2-step manner in a screening cohort and a validation cohort of pre-PML and NTZ-ctr patients.</Sentence>
		<Sentence ic="0" o="1" p="1" pico="0" structural="Conclusion">Only matrix metalloproteinase 9 (MMP9) was validated; in pre-PML patients, MMP9 protein levels were significantly reduced at baseline compared with NTZ-ctr patients, and levels remained lower at later time points during NTZ treatment.</Sentence>
		<Sentence ic="0" o="1" p="1" pico="0" structural="Conclusion">Conclusions: INTERPRETATION: The results from this study suggest that the proangiogenic factor MMP9 may play a role as a biomarker associated with the development of PML in MS patients treated with NTZ.</Sentence>
		<Sentence ic="0" o="0" p="0" pico="0" structural="Conclusion">Ann Neurol 2017;82:186-195.</Sentence>
	</Abstract>
</Corpus>