<?xml version='1.0' encoding='utf-8'?>
<Corpus xmlns:xsi="http://www.w3.org/2001/XMLSchema-instance"
	xsi:noNamespaceSchemaLocation="Abstract_Structure_v2.xsd">
	<Abstract id="28686675">
		<Sentence ic="1" o="1" p="1" pico="0" structural="Title">Management of flu-like syndrome with cetirizine in patients with relapsing-remitting multiple sclerosis during therapy with interferon beta: Results of a randomized, cross-over, placebo-controlled pilot study.</Sentence>
		<Sentence ic="0" o="0" p="1" pico="0" structural="Aim/Background">BACKGROUND: Flu-like syndrome (FLS) is a common adverse event experienced by patients with relapsing-remitting multiple sclerosis (RRMS) treated with interferon beta (IFN) .</Sentence>
		<Sentence ic="0" o="0" p="0" pico="0" structural="Aim/Background">FLS can lead to poor treatment adherence and early IFN discontinuation.</Sentence>
		<Sentence ic="0" o="0" p="0" pico="0" structural="Aim/Background">The involvement of interleukin-6 (IL-6) in the occurrence of FLS has been suggested.</Sentence>
		<Sentence ic="1" o="1" p="0" pico="0" structural="Aim/Background">We hypothesized that cetirizine, a second-generation histamine H1 receptor antagonist able to reduce the levels of IL-6, might improve IFN-induced FLS.</Sentence>
		<Sentence ic="1" o="1" p="1" pico="1" structural="Methodology">METHODS: We conducted a pilot, cross-over, randomized, placebo-controlled, double-blind study to evaluate the efficacy of cetirizine 10 mg added after each IFN injection to the standard of care for FLS (acetaminophen or nonsteroidal anti-inflammatory drugs) on FLS in patients with RRMS treated with IFN.</Sentence>
		<Sentence ic="1" o="0" p="0" pico="0" structural="Methodology">Patients were randomized to two treatment sequences: 1} 4-week treatment with placebo added to the standard treatment for FLS, followed by 4-week treatment with cetirizine added to the standard of care, and 2) first addition of cetirizine, then of placebo.</Sentence>
		<Sentence ic="0" o="1" p="0" pico="0" structural="Methodology">The primary efficacy endpoint was the mean change of FLS severity [11-point visual analog scale (VAS)] after 4 weeks of treatment within each sequence.</Sentence>
		<Sentence ic="0" o="0" p="0" pico="0" structural="Conclusion">RESULTS: Forty-five patients (71.1% female, mean age 39.1 years, mean time from RRMS diagnosis 5.8 years) were randomized to treatment sequences 1 and 2.</Sentence>
		<Sentence ic="0" o="0" p="0" pico="0" structural="Conclusion">The differences between cetirizine and placebo in the intensity of FLS were not statistically significant: total mean VAS scores at 4 hours from IFN injection were 3.57 and 3.42 for cetirizine and placebo, respectively (difference -0.15; 95% confidence interval: from -0.74 to 0.44; p = 0.6029) .</Sentence>
		<Sentence ic="0" o="0" p="0" pico="0" structural="Conclusion">The two treatments were similar also with regard to other efficacy measures considered and to the safety/tolerability profile.</Sentence>
		<Sentence ic="1" o="1" p="1" pico="1" structural="Conclusion">CONCLUSIONS: The addition of cetirizine to the standard of care for IFN-induced FLS in patients with RRMS does not seem to provide significant benefits compared with placebo.</Sentence>
		<Sentence ic="0" o="0" p="0" pico="0" structural="Conclusion">Further effort is required to understand the mechanisms underlying IFN-induced FLS.</Sentence>
		<Sentence ic="0" o="0" p="0" pico="0" structural="Conclusion">TRIAL REGISTRATION: EudraCT 2013-001055-12.</Sentence>
	</Abstract>
</Corpus>