<?xml version='1.0' encoding='utf-8'?>
<Corpus xmlns:xsi="http://www.w3.org/2001/XMLSchema-instance"
	xsi:noNamespaceSchemaLocation="Abstract_Structure_v2.xsd">
	<Abstract id="28698009">
		<Sentence ic="1" o="1" p="0" pico="0" structural="Title">A randomised, open-label, phase 2 study of the IDO1 inhibitor epacadostat (INCB024360) versus tamoxifen as therapy for biochemically recurrent (CA-125 relapse)-only epithelial ovarian cancer, primary peritoneal carcinoma, or fallopian tube cancer.</Sentence>
		<Sentence ic="1" o="1" p="0" pico="0" structural="Aim/Background">OBJECTIVE: Indoleamine 2,3-dioxygenase-1 (IDO1) is a key regulator of immune tolerance in ovarian cancer.</Sentence>
		<Sentence ic="1" o="1" p="1" pico="1" structural="Aim/Background">This study investigated efficacy and safety of the IDO1 enzyme inhibitor epacadostat versus tamoxifen in patients with biochemical-only recurrence (CA-125 elevation) following complete remission after first-line chemotherapy for advanced epithelial ovarian, primary peritoneal, or fallopian tube cancer.</Sentence>
		<Sentence ic="1" o="1" p="1" pico="1" structural="Methodology">METHODS: In this open-label, phase 2 study (NCT01685255), patients were randomised 1:1 to epacadostat 600mg or tamoxifen 20mg twice daily for successive 28-day cycles and stratified by time since completion of first-line chemotherapy to first CA-125 elevation (3 to &lt;12 or 12months) .</Sentence>
		<Sentence ic="0" o="1" p="0" pico="0" structural="Methodology">The primary endpoint was investigator-assessed progression-free survival (PFS; RECIST v1.1) .</Sentence>
		<Sentence ic="0" o="1" p="0" pico="0" structural="Methodology">Secondary endpoints included CA-125 response (Gynecologic Cancer InterGroup criteria), overall survival, safety, and tolerability.</Sentence>
		<Sentence ic="0" o="0" p="0" pico="0" structural="Conclusion">RESULTS: The study was terminated primarily due to slow accrual and lack of evidence of superiority.</Sentence>
		<Sentence ic="1" o="1" p="0" pico="0" structural="Conclusion">Median PFS was 3.75months for epacadostat (n=22) versus 5.56months for tamoxifen (n=20; HR, 1.34 [95% CI, 0.58-3.14]; P=0.54) .</Sentence>
		<Sentence ic="1" o="1" p="1" pico="1" structural="Conclusion">Of evaluable patients, 1 (5.0%) epacadostat and 3 (15.8%) tamoxifen patients had confirmed CA-125 responses.</Sentence>
		<Sentence ic="1" o="1" p="0" pico="0" structural="Conclusion">The most common treatment-emergent adverse event was fatigue (epacadostat, 36.4%; tamoxifen, 40.0%) .</Sentence>
		<Sentence ic="1" o="1" p="0" pico="0" structural="Conclusion">Immune-related adverse events, observed with epacadostat only, were primarily rash (18.2%) and pruritus (9.1%) .</Sentence>
		<Sentence ic="1" o="0" p="0" pico="0" structural="Conclusion">Epacadostat pharmacokinetics/pharmacodynamics were consistent with its known mechanism of action.</Sentence>
		<Sentence ic="0" o="0" p="0" pico="0" structural="Conclusion">IDO1 expression was observed in 94% of archival tumour samples.</Sentence>
		<Sentence ic="1" o="1" p="1" pico="1" structural="Conclusion">CONCLUSIONS: This first report of immunotherapy evaluation in biochemical-only relapse ovarian cancer and of IDO1 inhibitor monotherapy in ovarian cancer found no significant difference in efficacy between epacadostat and tamoxifen.</Sentence>
		<Sentence ic="1" o="1" p="1" pico="1" structural="Conclusion">Epacadostat was generally well tolerated.</Sentence>
	</Abstract>
</Corpus>