<?xml version='1.0' encoding='utf-8'?>
<Corpus xmlns:xsi="http://www.w3.org/2001/XMLSchema-instance"
	xsi:noNamespaceSchemaLocation="Abstract_Structure_v2.xsd">
	<Abstract id="28704520">
		<Sentence ic="1" o="1" p="1" pico="1" structural="Title">A self-affirmation exercise does not improve intentions to vaccinate among parents with negative vaccine attitudes (and may decrease intentions to vaccinate).</Sentence>
		<Sentence ic="1" o="1" p="1" pico="0">Two studies investigated the effectiveness of a self-affirmation exercise on vaccine safety beliefs and intent to vaccinate future children.</Sentence>
		<Sentence ic="0" o="0" p="1" pico="0">In Study 1, a sample of 585 parents with at least one child under the age of 18 in the home participated through Amazon's MTurk.</Sentence>
		<Sentence ic="0" o="0" p="1" pico="0">Participants were randomly assigned to one of four conditions in a 2 x 2 design.</Sentence>
		<Sentence ic="1" o="1" p="1" pico="0">Participants read either correcting information refuting a link between the measles, mumps, and rubella (MMR) vaccine and autism or a control passage about bird feeding.</Sentence>
		<Sentence ic="1" o="0" p="1" pico="0">Additionally, participants either completed a self-affirmation exercise where they reflected on their personal values or in a control condition in which they reflected on least-personally-important values that might be important to others.</Sentence>
		<Sentence ic="1" o="1" p="1" pico="0">Participants exposed to the correcting information were less likely to believe that vaccines cause serious side effects, but no less likely to believe that the MMR vaccine causes autism.</Sentence>
		<Sentence ic="0" o="1" p="1" pico="0">For parents with initially positive vaccine attitudes, there was no effect of condition on intent to vaccinate a future child.</Sentence>
		<Sentence ic="1" o="1" p="1" pico="0">For parents with initially negative vaccine attitudes, self-affirmation was ineffective in the presence of correcting information and resulted in less intention to vaccinate in the absence of correcting information.</Sentence>
		<Sentence ic="0" o="0" p="0" pico="0">This effect was partially replicated in Study 2 (N = 576), which provided no correcting information but otherwise followed the same procedure as Study 1.</Sentence>
	</Abstract>
</Corpus>