<?xml version='1.0' encoding='utf-8'?>
<Corpus xmlns:xsi="http://www.w3.org/2001/XMLSchema-instance"
	xsi:noNamespaceSchemaLocation="Abstract_Structure_v2.xsd">
	<Abstract id="28719554">
		<Sentence ic="1" o="0" p="1" pico="0" structural="Title">Treatment of Displaced Midshaft Clavicle Fractures: Figure-of-Eight Harness Versus Anterior Plate Osteosynthesis: A Randomized Controlled Trial.</Sentence>
		<Sentence ic="0" o="0" p="1" pico="0" structural="Aim/Background">BACKGROUND: Most midshaft clavicle fractures affect the economically active population, which is negatively impacted by transient limb impairment during the treatment.</Sentence>
		<Sentence ic="1" o="0" p="0" pico="0" structural="Aim/Background">There is still debate about the advantages and disadvantages of surgical treatment for these fractures.</Sentence>
		<Sentence ic="1" o="0" p="0" pico="0" structural="Methodology">METHODS: In this prospective randomized controlled trial, 117 patients were allocated to 1 of 2 groups: nonsurgical treatment with a figure-of-eight harness or surgical treatment with anteroinferior plate osteosynthesis.</Sentence>
		<Sentence ic="0" o="1" p="0" pico="0" structural="Methodology">The primary outcome was upper-limb limitation measured with the Disabilities of the Arm, Shoulder and Hand (DASH) questionnaire at 6 months.</Sentence>
		<Sentence ic="0" o="1" p="0" pico="0" structural="Methodology">Other outcomes included pain, radiographic findings, satisfaction with the cosmetic result, complications, and time to return to previous work and activities.</Sentence>
		<Sentence ic="0" o="0" p="0" pico="0" structural="Methodology">Participants were assessed at 6 weeks, 6 months, and 1 year after the intervention.</Sentence>
		<Sentence ic="0" o="1" p="0" pico="0" structural="Conclusion">RESULTS: No difference between the 2 groups was detected in the DASH score at any time point (p = 0.398, 0.403, and 0.877 at 6 weeks, 6 months, and 1 year, respectively), pain levels measured with a visual analogue scale (VAS), time to return to previous activities, or dissatisfaction with the cosmetic result.</Sentence>
		<Sentence ic="1" o="1" p="1" pico="0" structural="Conclusion">Seven patients (14.9%) developed nonunion after nonsurgical treatment, a nonunion rate that was significantly higher than that in the surgical group, in which all fractures had healed (p = 0.004) .</Sentence>
		<Sentence ic="1" o="1" p="0" pico="0" structural="Conclusion">The patients in the nonsurgical group had radiographic evidence of greater clavicle shortening (p &lt; 0.001) and more of the patients in that group answered "yes" when asked if their clavicle felt short (p &lt; 0.001) and if they felt bone prominence (p &lt; 0.001) .</Sentence>
		<Sentence ic="1" o="1" p="0" pico="0" structural="Conclusion">More patients answered "yes" when asked if they felt paresthesia in the surgical group (7; 13.7%) than in the nonsurgical group (1; 2.1%) (p = 0.036) .</Sentence>
		<Sentence ic="1" o="1" p="1" pico="1" structural="Conclusion">CONCLUSIONS: This study did not demonstrate a difference in limb function between patients who underwent surgical treatment and those nonsurgically treated for a dislocated midshaft clavicle fracture.</Sentence>
		<Sentence ic="1" o="1" p="0" pico="0" structural="Conclusion">Meanwhile, surgical treatment decreased the likelihood of nonunion.</Sentence>
		<Sentence ic="0" o="0" p="0" pico="0" structural="Conclusion">LEVEL OF EVIDENCE: Therapeutic Level I.</Sentence>
		<Sentence ic="0" o="0" p="0" pico="0" structural="Conclusion">See Instructions for Authors for a complete description of levels of evidence.</Sentence>
	</Abstract>
</Corpus>