<?xml version='1.0' encoding='utf-8'?>
<Corpus xmlns:xsi="http://www.w3.org/2001/XMLSchema-instance"
	xsi:noNamespaceSchemaLocation="Abstract_Structure_v2.xsd">
	<Abstract id="28719555">
		<Sentence ic="1" o="1" p="1" pico="1" structural="Title">The Influence of Shortening on Clinical Outcome in Healed Displaced Midshaft Clavicular Fractures After Nonoperative Treatment.</Sentence>
		<Sentence ic="0" o="0" p="1" pico="0" structural="Aim/Background">BACKGROUND: We aimed to evaluate the effect of clavicular shortening, measured with 3-dimensional computed tomography (3DCT), on functional outcomes and satisfaction in patients with healed displaced midshaft clavicular fractures up to 1 year following injury.</Sentence>
		<Sentence ic="1" o="0" p="1" pico="0" structural="Methodology">METHODS: The data used in this study were collected as part of a multicenter, prospective randomized controlled trial of open reduction and plate fixation compared with nonoperative treatment for acute, displaced midshaft clavicular factures.</Sentence>
		<Sentence ic="1" o="0" p="0" pico="0" structural="Methodology">Patients who were randomized to nonoperative treatment and had healed by 1 year were included in the present study.</Sentence>
		<Sentence ic="0" o="1" p="0" pico="0" structural="Methodology">Clavicular shortening relative to the uninjured, contralateral clavicle was measured on 3DCT.</Sentence>
		<Sentence ic="0" o="1" p="0" pico="0" structural="Methodology">Outcome analysis was conducted at 6 weeks, 3 months, 6 months, and 1 year following injury and included the Disabilities of the Arm, Shoulder and Hand (DASH), Constant, and Short Form-12 (SF-12) scores and patient satisfaction.</Sentence>
		<Sentence ic="1" o="0" p="0" pico="0" structural="Conclusion">RESULTS: In the original trial, 105 patients were randomized to nonoperative treatment.</Sentence>
		<Sentence ic="0" o="0" p="0" pico="0" structural="Conclusion">Thirteen patients were lost to follow-up, leaving 92 patients, and an additional 16 (17%) developed nonunion and were excluded from the present study.</Sentence>
		<Sentence ic="0" o="0" p="0" pico="0" structural="Conclusion">Of the remaining 76 patients, 48 who had a 3DCT scan that included the whole length of both clavicles were included in the present study.</Sentence>
		<Sentence ic="0" o="1" p="0" pico="0" structural="Conclusion">The shortening of the injured clavicles, relative to the contralateral side, was a mean (and standard deviation) of 11.3  7.6 mm, with a mean proportional shortening of 8%.</Sentence>
		<Sentence ic="0" o="1" p="0" pico="0" structural="Conclusion">Proportional shortening did not significantly correlate with the DASH (p  0.42), Constant (p  0.32), or SF-12 (p  0.08) scores at any point during follow-up.</Sentence>
		<Sentence ic="0" o="1" p="0" pico="0" structural="Conclusion">There was no significant difference in the mean DASH or Constant scores at any follow-up time point when the cutoff for shortening was defined as 1 cm (p  0.11) or as 2 cm (p  0.35) .</Sentence>
		<Sentence ic="1" o="1" p="0" pico="0" structural="Conclusion">There was no significant difference in clavicular shortening between satisfied and unsatisfied patients (p  0.49) .</Sentence>
		<Sentence ic="0" o="1" p="1" pico="0" structural="Conclusion">CONCLUSIONS: The present study demonstrated no association between shortening and functional outcome or satisfaction in patients with healed displaced midshaft clavicular fractures up to 1 year following injury.</Sentence>
		<Sentence ic="0" o="0" p="0" pico="0" structural="Conclusion">LEVEL OF EVIDENCE: Therapeutic Level IV.</Sentence>
		<Sentence ic="0" o="0" p="0" pico="0" structural="Conclusion">See Instructions for Authors for a complete description of levels of evidence.</Sentence>
	</Abstract>
</Corpus>