<?xml version='1.0' encoding='utf-8'?>
<Corpus xmlns:xsi="http://www.w3.org/2001/XMLSchema-instance"
	xsi:noNamespaceSchemaLocation="Abstract_Structure_v2.xsd">
	<Abstract id="28723807">
		<Sentence ic="1" o="0" p="1" pico="0" structural="Title">Can patients with femoral neck fracture benefit from preoperative thromboprophylaxis.</Sentence>
		<Sentence ic="0" o="0" p="0" pico="0">A prospective randomized controlled trial.</Sentence>
		<Sentence ic="1" o="0" p="1" pico="0" structural="Aim/Background">BACKGROUND: The effectiveness of preoperative thromboprophylaxis remains obscure in patients with femoral neck fracture.</Sentence>
		<Sentence ic="1" o="0" p="0" pico="0" structural="Aim/Background">The purpose of the current study was to investigate whether these patients benefit from preoperative thromboprophylaxis.</Sentence>
		<Sentence ic="1" o="0" p="1" pico="0" structural="Methodology">METHODS: In this prospective, randomized controlled trial, a total of 80 patients with femoral neck fracture were randomly assigned to receive either rivaroxaban or conservative treatment before surgery.</Sentence>
		<Sentence ic="0" o="0" p="0" pico="0" structural="Methodology">For all patients, color Doppler ultrasound of both lower extremities was performed immediately after admission.</Sentence>
		<Sentence ic="0" o="1" p="0" pico="0" structural="Methodology">The primary efficacy outcome was venous thromboembolism (VTE) defined as deep vein thrombosis (DVT) or pulmonary embolism (PE) .</Sentence>
		<Sentence ic="0" o="1" p="0" pico="0" structural="Methodology">The primary safety outcome was major bleeding.</Sentence>
		<Sentence ic="1" o="1" p="0" pico="0" structural="Methodology">RESULT: Compared with conservative treatment, rivaroxaban could significantly reduce the incidence of DVT from 19.5% (8/41) to 2.6% (1/39) (P=.016) .</Sentence>
		<Sentence ic="1" o="1" p="0" pico="0" structural="Methodology">Preoperatively, there were a total of 9 occurrences of DVT including 8 DVT in the conservative treatment group and 1 in the oral rivaroxaban group.</Sentence>
		<Sentence ic="0" o="1" p="0" pico="0" structural="Methodology">All cases of DVT were asymptomatic, with 8 of them diagnosed as isolated muscular calf vein thromboses.</Sentence>
		<Sentence ic="0" o="1" p="0" pico="0" structural="Methodology">There were no differences between the 2 groups in terms of the overall incidence of major bleeding.</Sentence>
		<Sentence ic="1" o="1" p="1" pico="1" structural="Methodology">CONCLUSION: Thromboprophylaxis with rivaroxaban prior to surgery can effectively reduce the risk of preoperative DVT for patients with femoral neck fracture without increasing the risk of bleeding.</Sentence>
	</Abstract>
</Corpus>