<?xml version='1.0' encoding='utf-8'?>
<Corpus xmlns:xsi="http://www.w3.org/2001/XMLSchema-instance"
	xsi:noNamespaceSchemaLocation="Abstract_Structure_v2.xsd">
	<Abstract id="28724657">
		<Sentence ic="1" o="1" p="0" pico="0" structural="Title">Prenatal Lipid-Based Nutrient Supplements Do Not Affect Pregnancy or Childbirth Complications or Cesarean Delivery in Bangladesh: A Cluster-Randomized Controlled Effectiveness Trial.</Sentence>
		<Sentence ic="0" o="1" p="0" pico="0" structural="Aim/Background">Background: Pregnancy and childbirth complications and cesarean delivery are common in Bangladesh.</Sentence>
		<Sentence ic="1" o="1" p="1" pico="0" structural="Aim/Background">Objective: We evaluated the effect of lipid-based nutrient supplements for pregnant and lactating women (LNS-PL) on pregnancy and childbirth complications and cesarean delivery.</Sentence>
		<Sentence ic="0" o="0" p="0" pico="0" structural="Methodology">Methods: We conducted the Rang-Din Nutrition Study, a cluster-randomized controlled effectiveness trial within a community health program in rural Bangladesh.</Sentence>
		<Sentence ic="0" o="0" p="1" pico="0" structural="Methodology">We enrolled 4011 pregnant women in early pregnancy.</Sentence>
		<Sentence ic="1" o="0" p="1" pico="0" structural="Methodology">Women in 48 clusters received iron and folic acid (IFA; 60 mg Fe + 400 g folic acid/d) and women in 16 clusters received LNS-PL (20 g/d, 118 kcal) containing essential fatty acids and 22 vitamins and minerals.</Sentence>
		<Sentence ic="0" o="1" p="0" pico="0" structural="Methodology">Pregnancy and childbirth complications and the cesarean delivery rate were secondary outcomes of the study.</Sentence>
		<Sentence ic="0" o="0" p="1" pico="0" structural="Conclusion">Results: Women in the LNS-PL group did not differ significantly from the IFA group with respect to mean systolic blood pressure at 36 wk gestation (113 and 112 mm Hg; P = 0.17), diastolic blood pressure at 36 wk gestation (68.9 and 68.7 mmHg; P = 0.88), or mean total number of pregnancy and childbirth complications (0.32 and 0.31; P = 0.86) .</Sentence>
		<Sentence ic="0" o="1" p="0" pico="0" structural="Conclusion">They also did not differ significantly with respect to the prevalence of high blood pressure at 36 wk (1.74% and 2.03%; P = 0.62), antepartum hemorrhage (0.83% and 1.39%; P = 0.21), prolonged labor (8.34% and 8.79%; P = 0.68), early rupture of membranes (9.30% and 8.45%; P = 0.43), convulsions (1.57% and 1.08%; P = 0.24), high blood pressure in labor (1.54% and 1.19%; P = 0.46), obstructed labor (2.83% and 2.91%; P = 0.90), any complications during pregnancy or childbirth (35.9% and 37.1%; P = 0.64), episiotomy (6.31% and 6.44%; P = 0.90), or cesarean delivery (15.6% and 14.2%; P = 0.48) .</Sentence>
		<Sentence ic="1" o="1" p="1" pico="1" structural="Conclusion">Conclusion: Compared with IFA, antenatal LNS-PL did not increase or decrease pregnancy and childbirth complications or cesarean delivery among women in rural Bangladesh.</Sentence>
		<Sentence ic="0" o="0" p="0" pico="0" structural="Conclusion">This trial was registered at clinicaltrials.gov as NCT01715038.</Sentence>
	</Abstract>
</Corpus>