<?xml version='1.0' encoding='utf-8'?>
<Corpus xmlns:xsi="http://www.w3.org/2001/XMLSchema-instance"
	xsi:noNamespaceSchemaLocation="Abstract_Structure_v2.xsd">
	<Abstract id="28731266">
		<Sentence ic="1" o="1" p="1" pico="1" structural="Title">A randomized, double-blind, placebo-controlled crossover study of the effects of levetiracetam on cognition, mood, and balance in healthy older adults.</Sentence>
		<Sentence ic="1" o="1" p="1" pico="1" structural="Aim/Background">OBJECTIVE: The cognitive and mood effects of levetiracetam (LEV) in older adults are not known.</Sentence>
		<Sentence ic="1" o="1" p="1" pico="1" structural="Aim/Background">This study compared the cognitive and mood effects of LEV to placebo in healthy older adults.</Sentence>
		<Sentence ic="1" o="0" p="0" pico="0" structural="Methodology">METHODS: Cognitive, mood, and balance variables were compared between LEV and placebo using a randomized, double-blind, placebo-controlled crossover study with two 5-week treatment periods.</Sentence>
		<Sentence ic="1" o="0" p="1" pico="0" structural="Methodology">Healthy volunteers (n = 20) aged 65-80 (mean age 72.4) received either LEV or placebo in which the LEV target dose was 1,000 mg/day.</Sentence>
		<Sentence ic="0" o="0" p="1" pico="0" structural="Methodology">Volunteers, aged 65-80, were without epilepsy to limit potentially confounding the impact of seizures and/or underlying neuropathology on outcomes.</Sentence>
		<Sentence ic="1" o="0" p="0" pico="0" structural="Methodology">LEV was initiated at 250 mg twice a day for 2 weeks, then increased to 500 mg twice a day for 2 weeks, and then tapered to 250 mg twice a day for 1 week.</Sentence>
		<Sentence ic="1" o="0" p="0" pico="0" structural="Methodology">This was randomized with placebo for the two treatment arms.</Sentence>
		<Sentence ic="0" o="0" p="0" pico="0" structural="Methodology">Measures included standardized neuropsychological, mood, and balance tests yielding 32 variables.</Sentence>
		<Sentence ic="0" o="0" p="0" pico="0" structural="Methodology">Balance was assessed using subjective report (eg, A-B neurotoxicity scale) and objective data (eg, Berg Balance Scale) .</Sentence>
		<Sentence ic="1" o="0" p="0" pico="0" structural="Conclusion">RESULTS: Average LEV serum concentration was 16.9 (standard deviation [SD} 7.7) .</Sentence>
		<Sentence ic="1" o="0" p="0" pico="0" structural="Conclusion">Repeated-measures analysis of variance (ANOVA) found no differences between LEV and placebo phases for 29 (90.6%) of 32 variables including no change in balance.</Sentence>
		<Sentence ic="1" o="0" p="0" pico="0" structural="Conclusion">Performance on LEV was better than placebo on a visual memory (MCG Complex Figure Recall; p = 0.007) and two attention tests (Trail Making Test, Part A, p = 0.009; Stroop Interference, p = 0.004) .</Sentence>
		<Sentence ic="1" o="0" p="0" pico="0" structural="Conclusion">There was a trend for greater irritability and fatigue (POMS Anger and Fatigue) during the LEV phase (p = 0.029, p = 0.035) .</Sentence>
		<Sentence ic="0" o="1" p="0" pico="0" structural="Conclusion">Effect-size changes were generally small (Cohen d &lt; 0.5) .</Sentence>
		<Sentence ic="0" o="0" p="1" pico="0" structural="Conclusion">Conclusions: SIGNIFICANCE: LEV was well tolerated in this elderly population in terms of cognition, mood, and balance.</Sentence>
		<Sentence ic="1" o="1" p="1" pico="1" structural="Conclusion">When anticonvulsant medication is indicated for older adults, LEV has pharmacokinetic advantages, and these data indicate no adverse impact on cognition or balance.</Sentence>
	</Abstract>
</Corpus>