<?xml version='1.0' encoding='utf-8'?>
<Corpus xmlns:xsi="http://www.w3.org/2001/XMLSchema-instance"
	xsi:noNamespaceSchemaLocation="Abstract_Structure_v2.xsd">
	<Abstract id="28755607">
		<Sentence ic="1" o="0" p="1" pico="0" structural="Title">A phase 2 randomised discontinuation trial of cabozantinib in patients with ovarian carcinoma.</Sentence>
		<Sentence ic="1" o="0" p="1" pico="0" structural="Aim/Background">BACKGROUND: Cabozantinib (XL184), an orally bioavailable inhibitor of vascular endothelial growth factor receptor 2 and MET, was assessed in a cohort of ovarian carcinoma patients as part of a phase 2 randomised discontinuation trial (RDT) with cohorts from nine different tumour types.</Sentence>
		<Sentence ic="1" o="0" p="0" pico="0" structural="Methodology">PATIENTS AND METHODS: Patients received 100-mg cabozantinib daily.</Sentence>
		<Sentence ic="1" o="0" p="1" pico="0" structural="Methodology">Those with stable disease (SD) per Response Evaluation Criteria in Solid Tumors at week 12 were randomised to cabozantinib or placebo.</Sentence>
		<Sentence ic="0" o="0" p="0" pico="0" structural="Methodology">Primary end-points were objective response rate (ORR) at week 12 and progression-free survival (PFS) after random assignment.</Sentence>
		<Sentence ic="0" o="0" p="1" pico="0" structural="Conclusion">RESULTS: Seventy patients with ovarian carcinoma, 50% of whom were platinum refractory/resistant, were enrolled in this RDT.</Sentence>
		<Sentence ic="0" o="1" p="0" pico="0" structural="Conclusion">Median PFS from day 1 was 5.5 months for all patients.</Sentence>
		<Sentence ic="0" o="1" p="0" pico="0" structural="Conclusion">The ORR at week 12 was 21%; one patient achieved a complete response (CR), and 14 patients (20%) achieved a confirmed partial response (PR) .</Sentence>
		<Sentence ic="0" o="1" p="0" pico="0" structural="Conclusion">The overall disease control rate (CR + PR + SD) at week 12 was 50%.</Sentence>
		<Sentence ic="0" o="0" p="0" pico="0" structural="Conclusion">Throughout the study, 70% of the patients with 1 postbaseline scan had tumour regression, and randomisation was discontinued early.</Sentence>
		<Sentence ic="0" o="1" p="0" pico="0" structural="Conclusion">For patients with SD randomised to cabozantinib, PFS was 5.9 months after randomisation.</Sentence>
		<Sentence ic="0" o="1" p="0" pico="0" structural="Conclusion">The most common grade 3/4 adverse events were diarrhoea (14%), palmar-plantar erythrodysesthesia syndrome (6%), asthenia (6%), hypertension (6%) and neutropenia (6%) .</Sentence>
		<Sentence ic="0" o="1" p="0" pico="0" structural="Conclusion">Dose reductions were required in 37% of the patients during the first 12 weeks.</Sentence>
		<Sentence ic="0" o="1" p="0" pico="0" structural="Conclusion">CONCLUSION: Cabozantinib demonstrates clinical activity, with acceptable toxicities, in patients with ovarian carcinoma based on ORR and regression of tumour target lesions.</Sentence>
		<Sentence ic="0" o="0" p="0" pico="0" structural="Conclusion">REGISTRATION: This trial is registered at ClinicalTrial.gov (NCT00940225) .</Sentence>
	</Abstract>
</Corpus>