<?xml version='1.0' encoding='utf-8'?>
<Corpus xmlns:xsi="http://www.w3.org/2001/XMLSchema-instance"
	xsi:noNamespaceSchemaLocation="Abstract_Structure_v2.xsd">
	<Abstract id="28754483">
		<Sentence ic="1" o="1" p="1" pico="1" structural="Title">Olaparib tablets as maintenance therapy in patients with platinum-sensitive, relapsed ovarian cancer and a BRCA1/2 mutation (SOLO2/ENGOT-Ov21): a double-blind, randomised, placebo-controlled, phase 3 trial.</Sentence>
		<Sentence ic="1" o="1" p="1" pico="1" structural="Aim/Background">BACKGROUND: Olaparib, a poly(ADP-ribose) polymerase (PARP) inhibitor, has previously shown efficacy in a phase 2 study when given in capsule formulation to all-comer patients with platinum-sensitive,relapsed high-grade serous ovarian cancer.</Sentence>
		<Sentence ic="1" o="0" p="1" pico="0" structural="Aim/Background">We aimed to confirm these findings in patients with a BRCA1 or BRCA2 (BRCA1/2) mutation using a tablet formulation of olaparib.</Sentence>
		<Sentence ic="1" o="0" p="1" pico="0" structural="Methodology">METHODS: This international, multicentre, double-blind, randomised, placebo-controlled, phase 3 trial evaluated olaparib tablet maintenance treatment in platinum-sensitive, relapsed ovarian cancer patients with a BRCA1/2 mutation who had received at least two lines of previous chemotherapy.</Sentence>
		<Sentence ic="0" o="0" p="1" pico="0" structural="Methodology">Eligible patients were aged 18 years or older with an Eastern Cooperative Oncology Group performance status at baseline of 0-1 and histologically confirmed, relapsed, high-grade serous ovarian cancer or high-grade endometrioid cancer, including primary peritoneal or fallopian tube cancer.</Sentence>
		<Sentence ic="1" o="0" p="1" pico="0" structural="Methodology">Patients were randomly assigned 2:1 to olaparib (300 mg in two 150 mg tablets, twice daily) or matching placebo tablets using an interactive voice and web response system.</Sentence>
		<Sentence ic="1" o="1" p="1" pico="1" structural="Methodology">Randomisation was stratified by response to previous platinum chemotherapy (complete vs partial) and length of platinum-free interval (6-12 months vs 12 months) and treatment assignment was masked for patients, those giving the interventions, data collectors, and data analysers.</Sentence>
		<Sentence ic="1" o="0" p="0" pico="0" structural="Methodology">The primary endpoint was investigator-assessed progression-free survival and we report the primary analysis from this ongoing study.</Sentence>
		<Sentence ic="0" o="0" p="1" pico="0" structural="Methodology">The efficacy analyses were done on the intention-to-treat population; safety analyses included patients who received at least one dose of study treatment.</Sentence>
		<Sentence ic="0" o="0" p="0" pico="0" structural="Methodology">This trial is registered with ClinicalTrials.gov, number NCT01874353, and is ongoing and no longer recruiting patients.</Sentence>
		<Sentence ic="1" o="0" p="1" pico="0" structural="Methodology">FINDINGS: Between Sept 3, 2013, and Nov 21, 2014, we enrolled 295 eligible patients who were randomly assigned to receive olaparib (n=196) or placebo (n=99) .</Sentence>
		<Sentence ic="1" o="0" p="0" pico="0" structural="Methodology">One patient in the olaparib group was randomised in error and did not receive study treatment.</Sentence>
		<Sentence ic="1" o="1" p="0" pico="0" structural="Methodology">Investigator-assessed median progression-free survival was significantly longer with olaparib (191 months [95% CI 163-257]) than with placebo (55 months [52-58]; hazard ratio [HR] 030 [95% CI 022-041], p&lt;00001) .</Sentence>
		<Sentence ic="1" o="1" p="1" pico="1" structural="Methodology">The most common adverse events of grade 3 or worse severity were anaemia (38 [19%] of 195 patients in the olaparib group vs two [2%] of 99 patients in the placebo group), fatigue or asthenia (eight [4%] vs two [2%]), and neutropenia (ten [5%] vs four [4%])(1, 1,1,1)Serious adverse events were experienced by 35 (18%) patients in the olaparib group and eight (8%) patients in the placebo group.</Sentence>
		<Sentence ic="1" o="1" p="1" pico="1" structural="Methodology">The most common in the olaparib group were anaemia (seven [4%] patients), abdominal pain (three [2%] patients), and intestinal obstruction (three [2%] patients) .</Sentence>
		<Sentence ic="1" o="1" p="1" pico="1" structural="Methodology">The most common in the placebo group were constipation (two [2%] patients) and intestinal obstruction (two [2%] patients) .</Sentence>
		<Sentence ic="1" o="1" p="1" pico="1" structural="Methodology">One (1%) patient in the olaparib group had a treatment-related adverse event (acute myeloid leukaemia) with an outcome of death.</Sentence>
		<Sentence ic="1" o="1" p="1" pico="1" structural="Conclusion">Conclusions: INTERPRETATION: Olaparib tablet maintenance treatment provided a significant progression-free survival improvement with no detrimental effect on quality of life in patients with platinum-sensitive, relapsed ovarian cancer and a BRCA1/2 mutation.</Sentence>
		<Sentence ic="1" o="0" p="1" pico="0" structural="Conclusion">Apart from anaemia, toxicities with olaparib were low grade and manageable.</Sentence>
		<Sentence ic="0" o="0" p="0" pico="0" structural="Conclusion">FUNDING: AstraZeneca.</Sentence>
	</Abstract>
</Corpus>