<?xml version='1.0' encoding='utf-8'?>
<Corpus xmlns:xsi="http://www.w3.org/2001/XMLSchema-instance"
	xsi:noNamespaceSchemaLocation="Abstract_Structure_v2.xsd">
	<Abstract id="28756871">
		<Sentence ic="1" o="0" p="0" pico="0" structural="Title">Randomized phase IIB evaluation of weekly paclitaxel versus weekly paclitaxel with oncolytic reovirus.</Sentence>
		<Sentence ic="1" o="0" p="1" pico="0" structural="Aim/Background">OBJECTIVE: To assess whether the addition of oncolytic reovirus (Reolysin) to weekly paclitaxel prolonged progression-free survival (PFS) in the treatment of women with recurrent or persistent ovarian, tubal or primary peritoneal cancer.</Sentence>
		<Sentence ic="1" o="0" p="1" pico="0" structural="Methodology">PATIENTS AND METHODS: Patients with recurrent or persistent epithelial ovarian, tubal, or peritoneal carcinoma, measurable or detectable disease, and three or fewer prior regimens were randomly assigned to paclitaxel (80mg/m(2) intravenously days 1, 8, and 15 every 4weeks) or the combination of paclitaxel (80mg/m(2) intravenously days 1, 8, and 15) plus reovirus 310(10)TCID50/day intravenously on days 1-5, both every 4weeks until disease progression or toxicity.</Sentence>
		<Sentence ic="0" o="0" p="0" pico="0" structural="Methodology">The primary end point was PFS.</Sentence>
		<Sentence ic="0" o="0" p="0" pico="0" structural="Methodology">The study was designed with 80% power for a one-sided alternative at a 10% level of significance to detect a reduction in the hazard by 37.5%.</Sentence>
		<Sentence ic="0" o="0" p="1" pico="0" structural="Conclusion">RESULTS: The study accrued 108 patients, 100 of whom were evaluable for toxicity.</Sentence>
		<Sentence ic="0" o="1" p="0" pico="0" structural="Conclusion">Median PFS was 4.3months for paclitaxel and 4.4months for paclitaxel plus reovirus (hazard ratio, 1.11; 90% two-sided CI, 0.78 to 1.59; one-sided P=0.687) .</Sentence>
		<Sentence ic="0" o="1" p="0" pico="0" structural="Conclusion">The proportion responding (overall response rate) to paclitaxel was 20% among 45 patients with measurable disease receiving paclitaxel alone, and 17.4% among the 46 patients treated with the combination.</Sentence>
		<Sentence ic="0" o="0" p="0" pico="0" structural="Conclusion">The asymptotic relative probability of responding was 0.87 (90% CI, 0.42 to 1.79) .</Sentence>
		<Sentence ic="0" o="0" p="0" pico="0" structural="Conclusion">Severe adverse events were more common in the combination regimen than in paclitaxel arm for severe neutropenia (grade4, 12% versus 0%), and severe respiratory adverse events (grade3, 25% versus 2%) .</Sentence>
		<Sentence ic="0" o="0" p="0" pico="0" structural="Conclusion">No deaths were considered treatment related.</Sentence>
		<Sentence ic="0" o="1" p="0" pico="0" structural="Conclusion">CONCLUSION: The addition of reovirus to weekly paclitaxel in the treatment of women with recurrent or persistent ovarian, tubal or peritoneal cancer did not sufficiently reduce the hazard of progression or death to warrant further investigation.</Sentence>
	</Abstract>
</Corpus>