<?xml version='1.0' encoding='utf-8'?>
<Corpus xmlns:xsi="http://www.w3.org/2001/XMLSchema-instance"
	xsi:noNamespaceSchemaLocation="Abstract_Structure_v2.xsd">
	<Abstract id="28768651">
		<Sentence ic="1" o="1" p="1" pico="1" structural="Title">Combined bioavailable isoflavones and probiotics improve bone status and estrogen metabolism in postmenopausal osteopenic women: a randomized controlled trial.</Sentence>
		<Sentence ic="1" o="1" p="1" pico="1" structural="Aim/Background">Background: Female age-related estrogen deficiency increases the risk of osteoporosis, which can be effectively treated with the use of hormone replacement therapy.</Sentence>
		<Sentence ic="1" o="1" p="0" pico="0" structural="Aim/Background">However, hormone replacement therapy is demonstrated to increase cancer risk.</Sentence>
		<Sentence ic="1" o="1" p="0" pico="0" structural="Aim/Background">Bioavailable isoflavones with selective estrogen receptor affinity show potential to prevent and treat osteoporosis while minimizing or eliminating carcinogenic side effects.</Sentence>
		<Sentence ic="1" o="1" p="0" pico="0" structural="Aim/Background">Objective: In this study, we sought to determine the beneficial effects of ,bioavailable isoflavone and probiotic treatment against postmenopausal osteopenia.</Sentence>
		<Sentence ic="1" o="1" p="0" pico="0" structural="Aim/Background">Design: We used a novel red clover extract (RCE) rich in isoflavone aglycones and probiotics to concomitantly promote uptake and a favorable intestinal bacterial profile to enhance isoflavone bioavailability.</Sentence>
		<Sentence ic="1" o="0" p="1" pico="0" structural="Aim/Background">This was a 12-mo, double-blind, parallel design, placebo-controlled, randomized controlled trial of 78 postmenopausal osteopenic women supplemented with calcium {1200 mg/d), magnesium (550 mg/d), and calcitriol (25 g/d) given either RCE (60 mg isoflavone aglycones/d and probiotics) or a masked placebo [control (CON)].</Sentence>
		<Sentence ic="1" o="1" p="0" pico="0" structural="Conclusion">Results: RCE significantly attenuated bone mineral density (BMD) loss at the L2-L4 lumbar spine vertebra (P &lt; 0.05), femoral neck (P &lt; 0.01), and trochanter (P &lt; 0.01) compared with CON (-0.99% and -2.2%; -1.04% and -3.05%; and -0.67% and -2.79, respectively).</Sentence>
		<Sentence ic="1" o="1" p="0" pico="0" structural="Conclusion">Plasma concentrations of collagen type 1 cross-linked C-telopeptide was significantly decreased in the RCE group (P &lt; 0.05) compared with CON (-9.40% and -6.76%, respectively) .</Sentence>
		<Sentence ic="1" o="1" p="0" pico="0" structural="Conclusion">RCE significantly elevated the plasma isoflavone concentration (P &lt; 0.05), the urinary 2-hydroxyestrone (2-OH) to 16-hydroxyestrone (16-OH) ratio (P &lt; 0.05), and equol-producer status (P &lt; 0.05) compared with CON.</Sentence>
		<Sentence ic="0" o="1" p="0" pico="0" structural="Conclusion">RCE had no significant effect on other bone turnover biomarkers.</Sentence>
		<Sentence ic="1" o="0" p="0" pico="0" structural="Conclusion">Self-reported diet and physical activity were consistent and differences were nonsignificant between groups throughout the study.</Sentence>
		<Sentence ic="0" o="1" p="0" pico="0" structural="Conclusion">RCE was well tolerated with no adverse events.</Sentence>
		<Sentence ic="1" o="1" p="1" pico="1" structural="Conclusion">Conclusions: Twice daily RCE intake over 1 y potently attenuated BMD loss caused by estrogen deficiency, improved bone turnover, promoted a favorable estrogen metabolite profile (2-OH:16-OH), and stimulated equol production in postmenopausal women with osteopenia.</Sentence>
		<Sentence ic="1" o="1" p="0" pico="0" structural="Conclusion">RCE intake combined with supplementation (calcium, magnesium, and calcitriol) was more effective than supplementation alone.</Sentence>
		<Sentence ic="0" o="0" p="0" pico="0" structural="Conclusion">This trial was registered at clinicaltrials.gov as NCT02174666.</Sentence>
	</Abstract>
</Corpus>