<?xml version='1.0' encoding='utf-8'?>
<Corpus xmlns:xsi="http://www.w3.org/2001/XMLSchema-instance"
	xsi:noNamespaceSchemaLocation="Abstract_Structure_v2.xsd">
	<Abstract id="28760368">
		<Sentence ic="1" o="0" p="0" pico="0" structural="Title">Is adjuvant chemotherapy beneficial for surgical stage I ovarian clear cell carcinoma.</Sentence>
		<Sentence ic="1" o="0" p="1" pico="0">Objective To assess the impact of adjuvant chemotherapy on survival in patients with surgical stage I ovarian clear cell carcinoma (OCCC) .</Sentence>
		<Sentence ic="1" o="0" p="0" pico="0" structural="Methodology">METHODS: Data collection and analysis of surgical stage I OCCC patients treated at two tertiary cancer centers was performed.</Sentence>
		<Sentence ic="0" o="0" p="0" pico="0" structural="Methodology">Descriptive statistics, univariate and multivariable analyses and Kaplan-Meier survival probability estimates were completed.</Sentence>
		<Sentence ic="0" o="0" p="1" pico="0" structural="Conclusion">RESULTS: Sixty stage I OCCC patients who underwent comprehensive surgical staging were identified.</Sentence>
		<Sentence ic="1" o="0" p="0" pico="0" structural="Conclusion">29 patients received adjuvant chemotherapy and 31 did not.</Sentence>
		<Sentence ic="1" o="0" p="0" pico="0" structural="Conclusion">4.2%: 95% for stage IA and 76% for stage IB+IC (p=0.16) .</Sentence>
		<Sentence ic="0" o="1" p="0" pico="0" structural="Conclusion">There were 11 disease specific deaths: 7 in the no adjuvant chemotherapy group (NACG) and 4 in the adjuvant chemotherapy group (ACG) .</Sentence>
		<Sentence ic="0" o="1" p="0" pico="0" structural="Conclusion">5-year DSS was 84.2%: 74% in NACG and 93% in ACG, (p=0.13) .</Sentence>
		<Sentence ic="0" o="1" p="0" pico="0" structural="Conclusion">Seventeen patients recurred: 11 in NACG and 6 in ACG (p=0.2) .</Sentence>
		<Sentence ic="0" o="1" p="0" pico="0" structural="Conclusion">None of the 21 patients with stage I known negative cytology recurred.</Sentence>
		<Sentence ic="0" o="1" p="0" pico="0" structural="Conclusion">5-year PFS was 74%: 58% in NACG and 86% in ACG (p=0.035) .</Sentence>
		<Sentence ic="0" o="1" p="0" pico="0" structural="Conclusion">On univariate analysis, no-adjuvant chemotherapy and positive cytology were poor prognostic factors for PFS: HR=2.36, p=0.04 and HR=3.1, p=0.027, respectively.</Sentence>
		<Sentence ic="0" o="1" p="0" pico="0" structural="Conclusion">After adjusting for positive cytology, no-adjuvant chemotherapy was still found to significantly correlate with a worse PFS (HR=4, p=0.01) .</Sentence>
		<Sentence ic="0" o="1" p="0" pico="0" structural="Conclusion">CONCLUSION: Our data supports the use of adjuvant chemotherapy for surgical stage I OCCC.</Sentence>
		<Sentence ic="0" o="0" p="0" pico="0" structural="Conclusion">As no patients in our cohort with surgical stage I known negative cytology recurred, more research on the benefit of adjuvant chemotherapy in this group is warranted.</Sentence>
	</Abstract>
</Corpus>