<?xml version='1.0' encoding='utf-8'?>
<Corpus xmlns:xsi="http://www.w3.org/2001/XMLSchema-instance"
	xsi:noNamespaceSchemaLocation="Abstract_Structure_v2.xsd">
	<Abstract id="28768788">
		<Sentence ic="1" o="0" p="1" pico="0" structural="Title">Plate fixation versus intramedullary nailing of completely displaced midshaft fractures of the clavicle: a prospective randomised controlled trial.</Sentence>
		<Sentence ic="1" o="1" p="1" pico="1 ">AIMS: This is a prospective randomised controlled trial comparing the functional outcomes of plate fixation and elastic stable intramedullary nailing (ESIN) of completely displaced mid-shaft fractures of the clavicle in the active adult population.</Sentence>
		<Sentence ic="1" o="0" p="0" pico="0" structural="Methodology">PATIENTS AND METHODS: We prospectively recruited 123 patients and randomised them to either plate fixation or ESIN.</Sentence>
		<Sentence ic="0" o="0" p="0" pico="0" structural="Methodology">Patients completed the Quick Disabilities of the Arm, Shoulder and Hand (DASH) score at one to six weeks post-operatively.</Sentence>
		<Sentence ic="0" o="0" p="0" pico="0" structural="Methodology">They were followed up at six weeks, three and six months and one year with radiographs, and their clinical outcome was assessed using both the DASH and the Constant Score.</Sentence>
		<Sentence ic="1" o="1" p="0" pico="0" structural="Conclusion">RESULTS: Plate fixation provided a faster functional recovery during the first six months compared with ESIN, but there was no difference after one year.</Sentence>
		<Sentence ic="1" o="1" p="0" pico="0" structural="Conclusion">The duration of surgery was shorter for ESIN (mean 53.4 minutes, 22 to 120) than for plate fixation (mean 69.7 minutes, 35 to 106, p &lt; 0.001) .</Sentence>
		<Sentence ic="1" o="1" p="0" pico="0" structural="Conclusion">The recovery after ESIN was slower with increasing fracture comminution and with open reduction (p &lt; 0.05) .</Sentence>
		<Sentence ic="1" o="1" p="1" pico="0" structural="Conclusion">CONCLUSION: Both methods return the patients to their pre-injury functional levels, but plate fixation has a faster recovery period in comminuted fractures than ESIN.</Sentence>
		<Sentence ic="1" o="1" p="1" pico="0" structural="Conclusion">ESIN has a shorter operative time and lower infection and implant rates of failure when using 2.5 mm nails or wider, suggesting that this is the preferred method in mid-shaft fractures with no comminution, whereas plate fixation is the superior method in comminuted fractures.</Sentence>
		<Sentence ic="0" o="0" p="0" pico="0" structural="Conclusion">Cite this article: Bone Joint J 2017;99-B:1095-1101.</Sentence>
	</Abstract>
</Corpus>