<?xml version='1.0' encoding='utf-8'?>
<Corpus xmlns:xsi="http://www.w3.org/2001/XMLSchema-instance"
	xsi:noNamespaceSchemaLocation="Abstract_Structure_v2.xsd">
	<Abstract id="28774461">
		<Sentence ic="1" o="0" p="1" pico="0" structural="Title">Phase II trial of bevacizumab with dose-dense paclitaxel as first-line treatment in patients with advanced ovarian cancer.</Sentence>
		<Sentence ic="1" o="0" p="1" pico="0" structural="Aim/Background">OBJECTIVES: To assess the tolerability and efficacy of bevacizumab with carboplatin and weekly paclitaxel as first-line adjuvant therapy for advanced stage ovarian cancer.</Sentence>
		<Sentence ic="1" o="0" p="1" pico="0" structural="Methodology">METHODS: After IRB approval, this single-institution, phase II study enrolled patients with stage III or IV epithelial ovarian cancer after primary cytoreductive surgery to treatment with carboplatin (AUC 5), weekly paclitaxel (80mg/m2), and bevacizumab (15mg/kg) every 3weeks for at least 6cycles.</Sentence>
		<Sentence ic="0" o="0" p="0" pico="0" structural="Methodology">The primary endpoint was tolerability of at least 4cycles of therapy, with a target treatment success rate of &gt;60%.</Sentence>
		<Sentence ic="0" o="0" p="0" pico="0" structural="Methodology">Secondary endpoints included progression-free survival (PFS) and response rate.</Sentence>
		<Sentence ic="0" o="0" p="0" pico="0" structural="Methodology">Plasma biomarkers were analyzed by the multiplex ELISA assays.</Sentence>
		<Sentence ic="1" o="0" p="0" pico="0" structural="Conclusion">RESULTS: Thirty-three patients were enrolled with 30 evaluable patients receiving at least one cycle of combination treatment.</Sentence>
		<Sentence ic="0" o="0" p="0" pico="0" structural="Conclusion">Twenty-three patients (77%) were able to complete at least 4cycles of therapy per protocol, and the posterior probability that the treatment success rate is &gt;60% is 0.77.</Sentence>
		<Sentence ic="0" o="0" p="1" pico="0" structural="Conclusion">Twenty-one patients (70%) were able to complete 6cycles of therapy.</Sentence>
		<Sentence ic="0" o="1" p="0" pico="0" structural="Conclusion">Median PFS was 22.4months for patients with optimal (R0) compared to 16.9months for optimal1cm (HR 1.71, 95% CI 0.58-4.98, p=0.33), and 16.9months for suboptimal&gt;1cm (HR 3.75, 95% CI 1.05-13.34, p=0.04) disease.</Sentence>
		<Sentence ic="0" o="1" p="0" pico="0" structural="Conclusion">Increases in mean Flt-3L was significantly higher in responders versus non-responders (83.4 vs. 28pg/mL, p=0.05) .</Sentence>
		<Sentence ic="0" o="1" p="0" pico="0" structural="Conclusion">CONCLUSIONS: Adjuvant bevacizumab with dose-dense chemotherapy is associated with acceptable toxicity and a high likelihood of completing 4cycles of therapy.</Sentence>
		<Sentence ic="0" o="0" p="0" pico="0" structural="Conclusion">Dynamic changes in Flt-3L may represent a predictive marker to treatment response.</Sentence>
	</Abstract>
</Corpus>