<?xml version='1.0' encoding='utf-8'?>
<Corpus xmlns:xsi="http://www.w3.org/2001/XMLSchema-instance"
	xsi:noNamespaceSchemaLocation="Abstract_Structure_v2.xsd">
	<Abstract id="28781026">
		<Sentence ic="1" o="0" p="1" pico="0" structural="Title">Comparison of Low-Dose Statin Versus Low-Dose Statin+Armolipid Plus in High-Intensity Statin-Intolerant Patients With a Previous Coronary Event and Percutaneous Coronary Intervention (ADHERENCE Trial) .</Sentence>
		<Sentence ic="1" o="1" p="0" pico="0">Low-density lipoprotein cholesterol (LDL-C) reduction is associated with a significant decrease in mortality, and statins represent the most effective drugs to achieve this.</Sentence>
		<Sentence ic="1" o="1" p="0" pico="0">However, side effects of statins are very common and may lead to treatment discontinuation.</Sentence>
		<Sentence ic="1" o="1" p="1" pico="0">Nutraceuticals are a combination of natural components that have shown efficacy in lowering LDL-C concentration when used alone or in association with other agents in patients who are intolerant to high-dose statins.</Sentence>
		<Sentence ic="1" o="0" p="1" pico="0">Our aim was to compare the efficacy and tolerability of low-dose statin (LDS) therapy versus combined therapy of LDS plus a nutraceutical combination containing red yeast rice, policosanol, berberine, folic acid, coenzyme Q10 and astaxanthin (Armolipid Plus) in high-risk patients.</Sentence>
		<Sentence ic="0" o="0" p="1" pico="0">We performed a randomized (1:1), prospective, parallel group, single-blind trial in which participants had coronary artery disease (n=100), had undergone percutaneous coronary intervention in the preceding 12 months, were high-dose statin intolerant, and did not achieve 50% reduction in LDL-C with LDS treatment alone.</Sentence>
		<Sentence ic="1" o="1" p="0" pico="0">After 3 months, patients in the LDS+Armolipid Plus (n=50) group presented with a significantly greater reduction of LDL-C and total cholesterol (p&lt;0.0001), and 70% of patients in this group achieved the therapeutic target (LDL-C&lt;70mg/dl), whereas patients in the LDS group did not.</Sentence>
		<Sentence ic="0" o="0" p="1" pico="0">Six patients (3 from each group) dropped out due to myalgia.</Sentence>
		<Sentence ic="1" o="0" p="1" pico="0 ">In conclusion, in patients with coronary artery disease and high-dose statin intolerance, the combination of LDS and nutraceuticals represents a valuable therapeutic option.</Sentence>
	</Abstract>
</Corpus>