<?xml version='1.0' encoding='utf-8'?>
<Corpus xmlns:xsi="http://www.w3.org/2001/XMLSchema-instance"
	xsi:noNamespaceSchemaLocation="Abstract_Structure_v2.xsd">
	<Abstract id="28780372">
		<Sentence ic="0" o="0" p="1" pico="0" structural="Title">Species-specific effects of neuregulin-1.</Sentence>
		<Sentence ic="0" o="1" p="1" pico="0">Neuregulin-1 is a member of the neuregulin family of growth factors and is critically important for normal development and functioning of the heart and brain.</Sentence>
		<Sentence ic="1" o="1" p="0" pico="0">A recombinant version of neuregulin-1, cimaglermin alfa (also known as glial growth factor 2 or GGF2) is being investigated as a possible therapy for heart failure.</Sentence>
		<Sentence ic="1" o="1" p="1" pico="1">Previous studies suggest that neuregulin-1 stimulation of skeletal muscle increases glucose uptake and, specifically, sufficient doses of cimaglermin alfa acutely produce hypoglycemia in pigs.</Sentence>
		<Sentence ic="0" o="1" p="1" pico="0">Since acute hypoglycemia could be a safety concern, blood glucose changes in the above pig study were further investigated.</Sentence>
		<Sentence ic="0" o="1" p="1" pico="0">In addition, basal glucose and glucose disposal were investigated in mice.</Sentence>
		<Sentence ic="1" o="1" p="1" pico="1">Finally, as part of standard clinical chemistry profiling in a single ascending-dose human safety study, blood glucose levels were evaluated in patients with heart failure after cimaglermin alfa treatment.</Sentence>
		<Sentence ic="1" o="1" p="1" pico="1">A single intravenous injection of cimaglermin alfa at doses of 0.8mg/kg and 2.6mg/kg in mice resulted in a transient reduction of blood glucose concentrations of approximately 20% and 34%, respectively, at 2h after the treatment compared to pre-treatment levels.</Sentence>
		<Sentence ic="0" o="1" p="1" pico="0">Similar results were observed in diabetic mice.</Sentence>
		<Sentence ic="1" o="1" p="1" pico="1">Treatment with cimaglermin alfa also increased blood glucose disposal following oral challenge in mice.</Sentence>
		<Sentence ic="1" o="1" p="1" pico="1">However, no significant alterations in blood glucose concentrations were found in human heart failure patients at 0.5 and 2h after treatment with cimaglermin alfa over an equivalent human dose range, based on body surface area.</Sentence>
		<Sentence ic="1" o="1" p="1" pico="1">Taken together, these data indicate strong species differences in blood glucose handling after cimaglermin alfa treatment, and particularly do not indicate that this phenomenon should affect human subjects.</Sentence>
	</Abstract>
</Corpus>