<?xml version='1.0' encoding='utf-8'?>
<Corpus xmlns:xsi="http://www.w3.org/2001/XMLSchema-instance"
	xsi:noNamespaceSchemaLocation="Abstract_Structure_v2.xsd">
	<Abstract id="28792952">
		<Sentence ic="1" o="0" p="1" pico="0" structural="Title">Everolimus long-term use in patients with tuberous sclerosis complex: Four-year update of the EXIST-2 study.</Sentence>
		<Sentence ic="1" o="0" p="1" pico="0" structural="Aim/Background">OBJECTIVES: We examined the long-term effects of everolimus in patients with renal angiomyolipoma associated with tuberous sclerosis complex or sporadic lymphangioleiomyomatosis.</Sentence>
		<Sentence ic="0" o="0" p="0" pico="0" structural="Methodology">METHODS: Following favorable results from the double-blind core phase of EXIST-2 (NCT00790400), patients were allowed to receive open-label everolimus (extension phase) .</Sentence>
		<Sentence ic="1" o="0" p="1" pico="0" structural="Methodology">Patients initially randomly assigned to everolimus continued on the same dose; those who were receiving placebo crossed over to everolimus 10 mg/day.</Sentence>
		<Sentence ic="0" o="0" p="0" pico="0" structural="Methodology">Dose modifications were based on tolerability.</Sentence>
		<Sentence ic="0" o="0" p="0" pico="0" structural="Methodology">The primary end point was angiomyolipoma response rate, defined as a 50% reduction from baseline in the sum volume of target renal angiomyolipomas in the absence of new target angiomyolipomas, kidney volume increase of &gt;20% from nadir, and angiomyolipoma-related bleeding grade 2.</Sentence>
		<Sentence ic="0" o="0" p="0" pico="0" structural="Methodology">The key secondary end point was safety.</Sentence>
		<Sentence ic="1" o="1" p="1" pico="1" structural="Conclusion">RESULTS: Of the 112 patients who received 1 dose of everolimus, 58% (95% CI, 48.3% to 67.3%) achieved angiomyolipoma response.</Sentence>
		<Sentence ic="0" o="1" p="1" pico="1" structural="Conclusion">Almost all patients (97%) experienced reduction in renal lesion volumes at some point during the study period.</Sentence>
		<Sentence ic="0" o="0" p="0" pico="0" structural="Conclusion">Median duration of everolimus exposure was 46.9 months.</Sentence>
		<Sentence ic="0" o="1" p="0" pico="0" structural="Conclusion">Sixteen (14.3%) patients experienced angiomyolipoma progression at some point in the study.</Sentence>
		<Sentence ic="0" o="1" p="0" pico="0" structural="Conclusion">No angiomyolipoma-related bleeding or nephrectomies were reported.</Sentence>
		<Sentence ic="1" o="1" p="0" pico="0" structural="Conclusion">One patient on everolimus underwent embolization for worsening right flank pain.</Sentence>
		<Sentence ic="0" o="1" p="0" pico="0" structural="Conclusion">Subependymal giant cell astrocytoma lesion response was achieved in 48% of patients and skin lesion response in 68% of patients.</Sentence>
		<Sentence ic="0" o="1" p="0" pico="0" structural="Conclusion">The most common adverse events suspected to be treatment-related were stomatitis (42%), hypercholesterolemia (30.4%), acne (25.9%), aphthous stomatitis and nasopharyngitis (each 21.4%) .</Sentence>
		<Sentence ic="0" o="1" p="0" pico="0" structural="Conclusion">Ten (8.9%) patients withdrew because of an adverse event.</Sentence>
		<Sentence ic="0" o="1" p="0" pico="0" structural="Conclusion">Renal function remained stable, and the frequency of emergent adverse events generally decreased over time.</Sentence>
		<Sentence ic="1" o="0" p="0" pico="0" structural="Conclusion">CONCLUSIONS: Everolimus treatment remained safe and effective over approximately 4 years.</Sentence>
		<Sentence ic="1" o="1" p="1" pico="1" structural="Conclusion">The overall risk/benefit assessment supports the use of everolimus as a viable treatment option for angiomyolipoma associated with tuberous sclerosis complex or sporadic lymphangioleiomyomatosis.</Sentence>
		<Sentence ic="0" o="0" p="0" pico="0" structural="Conclusion">TRIAL REGISTRATION: ClinicalTrials.gov NCT00790400.</Sentence>
	</Abstract>
</Corpus>