<?xml version='1.0' encoding='utf-8'?>
<Corpus xmlns:xsi="http://www.w3.org/2001/XMLSchema-instance"
	xsi:noNamespaceSchemaLocation="Abstract_Structure_v2.xsd">
	<Abstract id="28794253">
		<Sentence ic="1" o="1" p="1" pico="1" structural="Title">Efficacy of single or combined midodrine and pyridostigmine in orthostatic hypotension.</Sentence>
		<Sentence ic="1" o="1" p="1" pico="1 ">OBJECTIVE: To evaluate the long-term (for up to 3 months) efficacy and safety of single or combined therapy with midodrine and pyridostigmine for neurogenic orthostatic hypotension (OH) .</Sentence>
		<Sentence ic="0" o="0" p="0" pico="0" structural="Methodology">METHODS: This was a randomized, open-label clinical trial.</Sentence>
		<Sentence ic="1" o="0" p="1" pico="0" structural="Methodology">In total, 87 patients with symptomatic neurogenic OH were enrolled and randomized to receive 1 of 3 treatments: midodrine only, pyridostigmine only, or midodrine + pyridostigmine.</Sentence>
		<Sentence ic="1" o="0" p="1" pico="0" structural="Methodology">The patients were followed up at 1 and 3 months after treatment.</Sentence>
		<Sentence ic="0" o="1" p="0" pico="0" structural="Methodology">The primary outcome measures were improvement in orthostatic blood pressure (BP) drop at 3 months.</Sentence>
		<Sentence ic="0" o="1" p="0" pico="0" structural="Methodology">Secondary endpoints were improvement of the orthostatic BP drop at 1 month and amelioration of the questionnaire score evaluating OH-associated symptoms.</Sentence>
		<Sentence ic="0" o="1" p="0" pico="0" structural="Conclusion">RESULTS: Orthostatic systolic and diastolic BP drops improved significantly at 3 months after treatment in all treatment groups.</Sentence>
		<Sentence ic="0" o="1" p="0" pico="0" structural="Conclusion">Orthostatic symptoms were significantly ameliorated during the 3-month treatment, and the symptom severity was as follows: midodrine only &lt; midodrine + pyridostigmine &lt; pyridostigmine only group.</Sentence>
		<Sentence ic="0" o="1" p="0" pico="0" structural="Conclusion">Mild to moderate adverse events were reported by 11.5% of the patients.</Sentence>
		<Sentence ic="1" o="1" p="1" pico="1" structural="Conclusion">CONCLUSIONS: Single or combination treatment with midodrine and pyridostigmine was effective and safe in patients with OH for up to 3 months.</Sentence>
		<Sentence ic="0" o="1" p="0" pico="0" structural="Conclusion">Midodrine was better than pyridostigmine at improving OH-related symptoms.</Sentence>
		<Sentence ic="0" o="0" p="0" pico="0" structural="Conclusion">CLINICALTRIALSGOV IDENTIFIER: NCT02308124.</Sentence>
		<Sentence ic="1" o="1" p="1" pico="1" structural="Conclusion">CLASSIFICATION OF EVIDENCE: This study provides Class IV evidence that for patients with neurogenic OH, long-term treatment with midodrine alone, pyridostigmine alone, or both midodrine and pyridostigmine is safe and has similar effects in improving orthostatic BP drop up to 3 months.</Sentence>
	</Abstract>
</Corpus>