<?xml version='1.0' encoding='utf-8'?>
<Corpus xmlns:xsi="http://www.w3.org/2001/XMLSchema-instance"
	xsi:noNamespaceSchemaLocation="Abstract_Structure_v2.xsd">
	<Abstract id="28794248">
		<Sentence ic="1" o="1" p="1" pico="1" structural="Title">Anti-inflammatory disease-modifying treatment and short-term disability progression in SPMS.</Sentence>
		<Sentence ic="1" o="1" p="1" pico="1" structural="Aim/Background">OBJECTIVE: To investigate the effect of disease-modifying treatment on short-term disability outcomes in secondary progressive multiple sclerosis (SPMS) .</Sentence>
		<Sentence ic="0" o="0" p="0" pico="0" structural="Methodology">METHODS: Using MSBase, an international cohort study, we previously validated a highly accurate definition of SPMS.</Sentence>
		<Sentence ic="1" o="0" p="1" pico="0" structural="Methodology">Here, we identified patients in MSBase who were either untreated or treated with a disease-modifying drug when meeting this definition.</Sentence>
		<Sentence ic="0" o="0" p="0" pico="0" structural="Methodology">Propensity score matching was used to select subpopulations with comparable baseline characteristics.</Sentence>
		<Sentence ic="0" o="1" p="0" pico="0" structural="Methodology">Disability outcomes were compared in paired, pairwise-censored analyses adjusted for treatment persistence, visit density, and relapse rates.</Sentence>
		<Sentence ic="0" o="0" p="0" pico="0" structural="Conclusion">RESULTS: Of the 2,381 included patients, 1,378 patients were matchable (treated n = 689, untreated n = 689) .</Sentence>
		<Sentence ic="0" o="0" p="0" pico="0" structural="Conclusion">Median pairwise-censored follow-up was 2.1 years (quartiles 1.2-3.8 years) .</Sentence>
		<Sentence ic="0" o="0" p="0" pico="0" structural="Conclusion">No difference in the risk of 6-month sustained disability progression was observed between the groups (hazard ratio [HR] 0.9, 95% confidence interval [CI] 0.7-1.1, p = 0.27) .</Sentence>
		<Sentence ic="0" o="0" p="0" pico="0" structural="Conclusion">We also did not find differences in any of the secondary endpoints: risk of reaching Expanded Disability Status Scale (EDSS) score 7 (HR 0.6, 95% CI 0.4-1.1, p = 0.10}, sustained disability reduction (HR 1.0, 95% CI 0.8-1.3, p = 0.79), or change in disability burden (area under the EDSS-time curve,  = -0.05, p = 0.09) .</Sentence>
		<Sentence ic="0" o="0" p="0" pico="0" structural="Conclusion">Secondary and sensitivity analyses confirmed the results.</Sentence>
		<Sentence ic="1" o="1" p="1" pico="1" structural="Conclusion">CONCLUSIONS: Our pooled analysis of the currently available disease-modifying agents used after conversion to SPMS suggests that, on average, these therapies have no substantial effect on relapse-unrelated disability outcomes measured by the EDSS up to 4 years.</Sentence>
		<Sentence ic="1" o="1" p="1" pico="1" structural="Conclusion">CLASSIFICATION OF EVIDENCE: This study provides Class IV evidence that for patients with SPMS, disease-modifying treatment has no beneficial effect on short-term disability progression.</Sentence>
	</Abstract>
</Corpus>