<?xml version='1.0' encoding='utf-8'?>
<Corpus xmlns:xsi="http://www.w3.org/2001/XMLSchema-instance"
	xsi:noNamespaceSchemaLocation="Abstract_Structure_v2.xsd">
	<Abstract id="28794001">
		<Sentence ic="1" o="0" p="1" pico="0" structural="Title">Randomized Comparison of Ridaforolimus- and Zotarolimus-Eluting Coronary Stents in Patients With Coronary Artery Disease.</Sentence>
		<Sentence ic="1" o="0" p="1" pico="0" structural="Aim/Background">Background: The safety and efficacy of a novel cobalt alloy-based coronary stent with a durable elastomeric polymer eluting the antiproliferative agent ridaforolimus for treatment of patients with coronary artery disease is undetermined.</Sentence>
		<Sentence ic="1" o="0" p="1" pico="0" structural="Methodology">Methods: A prospective, international 1:1 randomized trial was conducted to evaluate in a noninferiority design the relative safety and efficacy of ridaforolimus-eluting stents (RESs) and slow-release zotarolimus-eluting stents among 1919 patients undergoing percutaneous coronary intervention at 76 centers.</Sentence>
		<Sentence ic="0" o="0" p="1" pico="0" structural="Methodology">Inclusion criteria allowed enrollment of patients with recent myocardial infarction, total occlusions, bifurcations lesions, and other complex conditions.</Sentence>
		<Sentence ic="0" o="0" p="0" pico="0" structural="Conclusion">Results: Baseline clinical and angiographic characteristics were similar between the groups.</Sentence>
		<Sentence ic="0" o="0" p="1" pico="0" structural="Conclusion">Overall, mean age was 63.4 years, 32.5% had diabetes mellitus, and 39.7% presented with acute coronary syndromes.</Sentence>
		<Sentence ic="1" o="1" p="0" pico="0" structural="Conclusion">At 12 months, the primary end point of target lesion failure (composite of cardiac death, target vessel-related myocardial infarction, and target lesion revascularization) was 5.4% for both devices (upper bound of 1-sided 95% confidence interval 1.8%, (hazard ratio, 0.97; 95% confidence interval [CI], 0.79 to 1.21; P=0.80), Pnoninferiority=0.001) .</Sentence>
		<Sentence ic="1" o="1" p="1" pico="0" structural="Conclusion">Definite/probable stent thrombosis rates were low in both groups (0.4% RES versus 0.6% zotarolimus-eluting stent, P=0.75); 13-month angiographic in-stent late lumen loss was 0.220.41 mm and 0.230.39 mm (Pnoninferiority=0.004) for the RES and zotarolimus-eluting stent groups, respectively, and intravascular ultrasound percent neointimal hyperplasia was 8.105.81 and 8.857.77, respectively (Pnoninferiority=0.01) .</Sentence>
		<Sentence ic="1" o="1" p="0" pico="0" structural="Conclusion">Conclusions: In the present trial, which allowed broad inclusion criteria, the novel RESs met the prespecified criteria for noninferiority compared with zotarolimus-eluting stents for the primary end point of target lesion failure at 12 months and had similar measures of late lumen loss.</Sentence>
		<Sentence ic="1" o="0" p="1" pico="0" structural="Conclusion">These findings support the safety and efficacy of RESs in patients who are representative of clinical practice.</Sentence>
	</Abstract>
</Corpus>