<?xml version='1.0' encoding='utf-8'?>
<Corpus xmlns:xsi="http://www.w3.org/2001/XMLSchema-instance"
	xsi:noNamespaceSchemaLocation="Abstract_Structure_v2.xsd">
	<Abstract id="28816894">
		<Sentence ic="1" o="0" p="1" pico="0" structural="Title">The Clavicle Trial: A Multicenter Randomized Controlled Trial Comparing Operative with Nonoperative Treatment of Displaced Midshaft Clavicle Fractures.</Sentence>
		<Sentence ic="0" o="0" p="1" pico="0" structural="Aim/Background">BACKGROUND: The treatment of displaced midshaft clavicle fractures remains controversial.</Sentence>
		<Sentence ic="1" o="1" p="1" pico="1" structural="Methodology">METHODS: We undertook a multicenter randomized controlled trial to compare effectiveness and safety between nonoperative management and ORIF (open reduction and internal fixation) for displaced midshaft clavicle fractures in adults.</Sentence>
		<Sentence ic="0" o="0" p="0" pico="0" structural="Methodology">Three hundred and one eligible adult patients were randomized to 1 of the 2 treatment groups and followed at 6 weeks, 3 months, and 9 months after recruitment.</Sentence>
		<Sentence ic="0" o="0" p="0" pico="1" structural="Methodology">The primary outcome was the rate of radiographically evident nonunion at 3 months following treatment.</Sentence>
		<Sentence ic="0" o="1" p="0" pico="0" structural="Methodology">Secondary outcomes were the rate of radiographically evident nonunion at 9 months, limb function measured using the Constant-Murley Score and DASH (Disabilities of the Arm, Shoulder and Hand) score, and patient satisfaction.</Sentence>
		<Sentence ic="1" o="1" p="0" pico="0" structural="Conclusion">RESULTS: There was no difference in the proportion of patients with radiographic evidence of nonunion at 3 months between the operative (28%) and nonoperative (27%) groups, whereas at 9 months the proportion with nonunion was significantly lower (p &lt; 0.001) in the operative group (0.8%) than in the nonoperative group (11%) .</Sentence>
		<Sentence ic="1" o="1" p="0" pico="0" structural="Conclusion">The DASH and Constant-Murley scores and patient satisfaction were all significantly better in the operative group than in the nonoperative group at 6 weeks and 3 months.</Sentence>
		<Sentence ic="1" o="1" p="0" pico="0" structural="Conclusion">CONCLUSIONS: Although at 3 months there was no evidence that surgery had reduced the rate of nonunion of displaced midshaft clavicle fractures, at 9 months nonoperative treatment had led to a significantly higher nonunion rate (11% compared with &lt;1%) .</Sentence>
		<Sentence ic="1" o="1" p="0" pico="0" structural="Conclusion">The rate of secondary surgical intervention during the trial period was 12 (11%) of the 147 patients in the nonoperative group.</Sentence>
		<Sentence ic="1" o="1" p="1" pico="0" structural="Conclusion">ORIF is a safe and reliable intervention with superior early functional outcomes and should be considered for patients who sustain this common injury.</Sentence>
		<Sentence ic="0" o="0" p="0" pico="0" structural="Conclusion">LEVEL OF EVIDENCE: Therapeutic Level I.</Sentence>
		<Sentence ic="0" o="0" p="0" pico="0" structural="Conclusion">See Instructions for Authors for a complete description of levels of evidence.</Sentence>
	</Abstract>
</Corpus>