<?xml version='1.0' encoding='utf-8'?>
<Corpus xmlns:xsi="http://www.w3.org/2001/XMLSchema-instance"
	xsi:noNamespaceSchemaLocation="Abstract_Structure_v2.xsd">
	<Abstract id="28826895">
		<Sentence ic="1" o="1" p="1" pico="0" structural="Title">Effect of Preoperative Beta-Blocker Use on Outcomes Following Cardiac Surgery.</Sentence>
		<Sentence ic="1" o="1" p="1" pico="1">Recent studies suggest that the use of preoperative  blockers in cardiac surgery may not provide improved mortality rates and may even contribute to negative clinical outcomes.</Sentence>
		<Sentence ic="1" o="1" p="1" pico="0">We therefore assessed the role of  blockers on several outcomes after cardiac surgery (delirium, acute kidney injury [AKI], stroke, atrial fibrillation (AF), mortality, and hospital length of stay) in 4,076 patients who underwent elective coronary artery bypass grafting, coronary artery bypass grafting+valve, or valve cardiac surgery from November 1, 2009, to September 30, 2015, at Vanderbilt Medical Center.</Sentence>
		<Sentence ic="0" o="0" p="0" pico="0">Clinical data from 2 prospectively collected datasets at our institution were reviewed: the Cardiac Surgery Perioperative Outcomes Database and the Society of Thoracic Surgeons Database.</Sentence>
		<Sentence ic="1" o="0" p="1" pico="0">Preoperative -blocker use was defined by Society of Thoracic Surgeons guidelines as patients receiving a  blocker within 24 hours preceding surgery.</Sentence>
		<Sentence ic="1" o="0" p="0" pico="0">Of the included patients, 2,648 (65.0%) were administered a  blocker within 24 hours before surgery.</Sentence>
		<Sentence ic="0" o="1" p="0" pico="0">Adjusting for possible confounders, preoperative -blocker use was associated with increased odds of AKI stage 2 (odds ratio 1.96, 95% confidence interval 1.19 to 3.24, p&lt;0.01) .</Sentence>
		<Sentence ic="1" o="1" p="0" pico="0">There was no evidence that -blocker use had an independent association with postoperative delirium, AKI stages 1 and 3, stroke, AF, mortality, or prolonged length of stay.</Sentence>
		<Sentence ic="1" o="1" p="0" pico="0">A secondary propensity score analysis did not show a marginal association between -blocker use and any outcome.</Sentence>
		<Sentence ic="1" o="1" p="0" pico="0">In conclusion, we did not find significant evidence that preoperative -blocker use was associated with postoperative delirium, AF, AKI, stroke, or mortality.</Sentence>
	</Abstract>
</Corpus>