<?xml version='1.0' encoding='utf-8'?>
<Corpus xmlns:xsi="http://www.w3.org/2001/XMLSchema-instance"
	xsi:noNamespaceSchemaLocation="Abstract_Structure_v2.xsd">
	<Abstract id="28835401">
		<Sentence ic="1" o="1" p="1" pico="0" structural="Title">Alemtuzumab CARE-MS I 5-year follow-up: Durable efficacy in the absence of continuous MS therapy.</Sentence>
		<Sentence ic="1" o="1" p="1" pico="1" structural="Aim/Background">OBJECTIVE: To evaluate 5-year efficacy and safety of alemtuzumab in treatment-naive patients with active relapsing-remitting MS (RRMS) (CARE-MS I; NCT00530348) .</Sentence>
		<Sentence ic="1" o="0" p="1" pico="0" structural="Methodology">METHODS: Alemtuzumab-treated patients received treatment courses at baseline and 12 months later; after the core study, they could enter an extension (NCT00930553) with as-needed alemtuzumab retreatment for relapse or MRI activity.</Sentence>
		<Sentence ic="0" o="0" p="0" pico="0" structural="Methodology">Assessments included annualized relapse rate (ARR), 6-month confirmed disability worsening (CDW; 1-point Expanded Disability Status Scale [EDSS] score increase [1.5 if baseline EDSS = 0]), 6-month confirmed disability improvement (CDI; 1-point EDSS decrease [baseline score 2.0]), no evidence of disease activity (NEDA), brain volume loss (BVL), and adverse events (AEs) .</Sentence>
		<Sentence ic="0" o="0" p="0" pico="0" structural="Conclusion">RESULTS: Most alemtuzumab-treated patients (95.1%) completing CARE-MS I enrolled in the extension; 68.5% received no additional alemtuzumab treatment.</Sentence>
		<Sentence ic="0" o="0" p="0" pico="0" structural="Conclusion">ARR remained low in years 3, 4, and 5 {0.19, 0.14, and 0.15) .</Sentence>
		<Sentence ic="0" o="0" p="0" pico="0" structural="Conclusion">Over years 0-5, 79.7% were free of 6-month CDW; 33.4% achieved 6-month CDI.</Sentence>
		<Sentence ic="0" o="0" p="0" pico="0" structural="Conclusion">Most patients (61.7%, 60.2%, and 62.4%) had NEDA in years 3, 4, and 5.</Sentence>
		<Sentence ic="0" o="0" p="0" pico="0" structural="Conclusion">Median yearly BVL improved over years 2-4, remaining low in year 5 (years 1-5: -0.59%, -0.25%, -0.19%, -0.15%, and -0.20%) .</Sentence>
		<Sentence ic="0" o="0" p="0" pico="0" structural="Conclusion">Exposure-adjusted incidence rates of most AEs declined in the extension relative to the core study.</Sentence>
		<Sentence ic="0" o="0" p="0" pico="0" structural="Conclusion">Thyroid disorder incidences peaked at year 3 and subsequently declined.</Sentence>
		<Sentence ic="1" o="1" p="0" pico="0" structural="Conclusion">CONCLUSIONS: Based on these data, alemtuzumab provides durable efficacy through 5 years in the absence of continuous treatment, with most patients not receiving additional courses.</Sentence>
		<Sentence ic="0" o="0" p="0" pico="0" structural="Conclusion">CLINICALTRIALSGOV IDENTIFIER: NCT00530348; NCT00930553.</Sentence>
		<Sentence ic="1" o="1" p="1" pico="1" structural="Conclusion">CLASSIFICATION OF EVIDENCE: This study provides Class III evidence that alemtuzumab durably improves efficacy outcomes and slows BVL in patients with RRMS.</Sentence>
	</Abstract>
</Corpus>