<?xml version='1.0' encoding='utf-8'?>
<Corpus xmlns:xsi="http://www.w3.org/2001/XMLSchema-instance"
	xsi:noNamespaceSchemaLocation="Abstract_Structure_v2.xsd">
	<Abstract id="28830491">
		<Sentence ic="1" o="1" p="0" pico="0" structural="Title">A randomized double-blind placebo-controlled trial to investigate the effectiveness and safety of a novel green-lipped mussel extract BioLex.</Sentence>
		<Sentence ic="1" o="0" p="1" pico="0" structural="Aim/Background">BACKGROUND: Extracts from perna canaliculus, the Green Lipped Mussel (GLM) are widely used as a complimentary therapy by patients with osteoarthritis (OA) .</Sentence>
		<Sentence ic="1" o="0" p="0" pico="0" structural="Aim/Background">The current study investigated the potential of a novel GLM formulation as a treatment for OA.</Sentence>
		<Sentence ic="1" o="1" p="0" pico="0" structural="Aim/Background">A randomized double-blind placebo-controlled trial was undertaken to assess potential impacts on pain and quality of life following 12 weeks of treatment.</Sentence>
		<Sentence ic="1" o="0" p="1" pico="0" structural="Methodology">METHODS: Eighty patients with moderate to severe OA of the hip or knee were randomized to receive either 600 mg of BioLex-GLM daily or placebo for 12 weeks.</Sentence>
		<Sentence ic="0" o="0" p="0" pico="0" structural="Methodology">Entry criteria included a minimum 100 mm Visual Analogue Scale pain score (VAS) of 30 mm at baseline.</Sentence>
		<Sentence ic="0" o="1" p="0" pico="0" structural="Methodology">The primary outcome was patient reported pain, measured by the Western Ontario and McMasters OA Index (WOMAC) pain subscale and VAS pain scale.</Sentence>
		<Sentence ic="0" o="1" p="0" pico="0" structural="Methodology">Secondary outcomes included: quality of life (OAQol), total WOMAC score, WOMAC -20 responder criteria, and change in medication use over the study period.</Sentence>
		<Sentence ic="0" o="0" p="0" pico="0" structural="Methodology">Participants were assessed at baseline, 12 weeks (end of therapy) and 15 weeks (3-weeks post-intervention) .</Sentence>
		<Sentence ic="0" o="1" p="0" pico="0" structural="Conclusion">RESULTS: At week 12, there were no significant differences in VAS or WOMAC pain subscale between active and placebo groups, nor significant improvement in the WOMAC-20 responder criteria or OAQol.</Sentence>
		<Sentence ic="1" o="1" p="0" pico="0" structural="Conclusion">Joint stiffness (measured by WOMAC-B stiffness) in the GLM group improved compared with placebo (p = 0.046) .</Sentence>
		<Sentence ic="1" o="1" p="0" pico="0" structural="Conclusion">There was a significant difference in paracetamol use between the GLM treated group and the placebo group after week 12 (p = 0.001) .</Sentence>
		<Sentence ic="1" o="1" p="1" pico="1 " structural="Conclusion">CONCLUSIONS: BioLex -GLM extract did not confer clinical benefit in moderate to severe OA over the intervention period, however, a significant difference in paracetamol use in the post-intervention period was observed between the BioLex -GLM group and placebo group.</Sentence>
		<Sentence ic="0" o="0" p="0" pico="0" structural="Conclusion">Higher doses and/or longer treatment periods are worthy of future investigation.</Sentence>
		<Sentence ic="0" o="0" p="0" pico="0" structural="Conclusion">TRIAL REGISTRATION: Australia and New Zealand Clinical Trials Registry: no ACTRN12611000256976 .</Sentence>
	</Abstract>
</Corpus>