<?xml version='1.0' encoding='utf-8'?>
<Corpus xmlns:xsi="http://www.w3.org/2001/XMLSchema-instance"
	xsi:noNamespaceSchemaLocation="Abstract_Structure_v2.xsd">
	<Abstract id="28847206">
		<Sentence ic="1" o="1" p="1" pico="1" structural="Title">Effects of Anacetrapib in Patients with Atherosclerotic Vascular Disease.</Sentence>
		<Sentence ic="1" o="1" p="1" pico="1" structural="Aim/Background">Background: Patients with atherosclerotic vascular disease remain at high risk for cardiovascular events despite effective statin-based treatment of low-density lipoprotein (LDL) cholesterol levels.</Sentence>
		<Sentence ic="1" o="1" p="0" pico="0" structural="Aim/Background">The inhibition of cholesteryl ester transfer protein (CETP) by anacetrapib reduces LDL cholesterol levels and increases high-density lipoprotein (HDL) cholesterol levels.</Sentence>
		<Sentence ic="1" o="1" p="0" pico="0" structural="Aim/Background">However, trials of other CETP inhibitors have shown neutral or adverse effects on cardiovascular outcomes.</Sentence>
		<Sentence ic="0" o="0" p="1" pico="0" structural="Methodology">Methods: We conducted a randomized, double-blind, placebo-controlled trial involving 30,449 adults with atherosclerotic vascular disease who were receiving intensive atorvastatin therapy and who had a mean LDL cholesterol level of 61 mg per deciliter (1.58 mmol per liter), a mean non-HDL cholesterol level of 92 mg per deciliter (2.38 mmol per liter), and a mean HDL cholesterol level of 40 mg per deciliter (1.03 mmol per liter) .</Sentence>
		<Sentence ic="1" o="0" p="1" pico="0" structural="Methodology">The patients were assigned to receive either 100 mg of anacetrapib once daily (15,225 patients) or matching placebo (15,224 patients) .</Sentence>
		<Sentence ic="0" o="0" p="0" pico="1" structural="Methodology">The primary outcome was the first major coronary event, a composite of coronary death, myocardial infarction, or coronary revascularization.</Sentence>
		<Sentence ic="1" o="1" p="0" pico="0" structural="Conclusion">Results: During the median follow-up period of 4.1 years, the primary outcome occurred in significantly fewer patients in the anacetrapib group than in the placebo group (1640 of 15,225 patients [10.8%] vs. 1803 of 15,224 patients [11.8%]; rate ratio, 0.91; 95% confidence interval, 0.85 to 0.97; P=0.004) .</Sentence>
		<Sentence ic="0" o="0" p="1" pico="0" structural="Conclusion">The relative difference in risk was similar across multiple prespecified subgroups.</Sentence>
		<Sentence ic="1" o="1" p="0" pico="0" structural="Conclusion">At the trial midpoint, the mean level of HDL cholesterol was higher by 43 mg per deciliter (1.12 mmol per liter) in the anacetrapib group than in the placebo group (a relative difference of 104%), and the mean level of non-HDL cholesterol was lower by 17 mg per deciliter (0.44 mmol per liter), a relative difference of 18%.</Sentence>
		<Sentence ic="0" o="1" p="0" pico="0" structural="Conclusion">There were no significant between-group differences in the risk of death, cancer, or other serious adverse events.</Sentence>
		<Sentence ic="1" o="1" p="1" pico="1" structural="Conclusion">Conclusions: Among patients with atherosclerotic vascular disease who were receiving intensive statin therapy, the use of anacetrapib resulted in a lower incidence of major coronary events than the use of placebo.</Sentence>
	</Abstract>
</Corpus>