<?xml version='1.0' encoding='utf-8'?>
<Corpus xmlns:xsi="http://www.w3.org/2001/XMLSchema-instance"
	xsi:noNamespaceSchemaLocation="Abstract_Structure_v2.xsd">
	<Abstract id="28845751">
		<Sentence ic="1" o="1" p="1" pico="0" structural="Title">Antiinflammatory Therapy with Canakinumab for Atherosclerotic Disease.</Sentence>
		<Sentence ic="1" o="1" p="0" pico="0" structural="Aim/Background">Background: Experimental and clinical data suggest that reducing inflammation without affecting lipid levels may reduce the risk of cardiovascular disease.</Sentence>
		<Sentence ic="0" o="1" p="1" pico="0" structural="Aim/Background">Yet, the inflammatory hypothesis of atherothrombosis has remained unproved.</Sentence>
		<Sentence ic="1" o="0" p="1" pico="0" structural="Methodology">Methods: We conducted a randomized, double-blind trial of canakinumab, a therapeutic monoclonal antibody targeting interleukin-1, involving 10,061 patients with previous myocardial infarction and a high-sensitivity C-reactive protein level of 2 mg or more per liter.</Sentence>
		<Sentence ic="1" o="0" p="0" pico="0" structural="Methodology">The trial compared three doses of canakinumab (50 mg, 150 mg, and 300 mg, administered subcutaneously every 3 months) with placebo.</Sentence>
		<Sentence ic="0" o="1" p="0" pico="0" structural="Methodology">The primary efficacy end point was nonfatal myocardial infarction, nonfatal stroke, or cardiovascular death.</Sentence>
		<Sentence ic="0" o="1" p="0" pico="0" structural="Conclusion">Results: At 48 months, the median reduction from baseline in the high-sensitivity C-reactive protein level was 26 percentage points greater in the group that received the 50-mg dose of canakinumab, 37 percentage points greater in the 150-mg group, and 41 percentage points greater in the 300-mg group than in the placebo group.</Sentence>
		<Sentence ic="1" o="1" p="0" pico="0" structural="Conclusion">Canakinumab did not reduce lipid levels from baseline.</Sentence>
		<Sentence ic="1" o="1" p="0" pico="0" structural="Conclusion">At a median follow-up of 3.7 years, the incidence rate for the primary end point was 4.50 events per 100 person-years in the placebo group, 4.11 events per 100 person-years in the 50-mg group, 3.86 events per 100 person-years in the 150-mg group, and 3.90 events per 100 person-years in the 300-mg group.</Sentence>
		<Sentence ic="1" o="1" p="0" pico="0" structural="Conclusion">The hazard ratios as compared with placebo were as follows: in the 50-mg group, 0.93 (95% confidence interval [CI], 0.80 to 1.07; P=0.30); in the 150-mg group, 0.85 (95% CI, 0.74 to 0.98; P=0.021); and in the 300-mg group, 0.86 (95% CI, 0.75 to 0.99; P=0.031) .</Sentence>
		<Sentence ic="1" o="1" p="0" pico="0" structural="Conclusion">The 150-mg dose, but not the other doses, met the prespecified multiplicity-adjusted threshold for statistical significance for the primary end point and the secondary end point that additionally included hospitalization for unstable angina that led to urgent revascularization (hazard ratio vs. placebo, 0.83; 95% CI, 0.73 to 0.95; P=0.005) .</Sentence>
		<Sentence ic="1" o="1" p="0" pico="0" structural="Conclusion">Canakinumab was associated with a higher incidence of fatal infection than was placebo.</Sentence>
		<Sentence ic="1" o="1" p="0" pico="0" structural="Conclusion">There was no significant difference in all-cause mortality (hazard ratio for all canakinumab doses vs. placebo, 0.94; 95% CI, 0.83 to 1.06; P=0.31) .</Sentence>
		<Sentence ic="1" o="1" p="0" pico="0" structural="Conclusion">Conclusions: Antiinflammatory therapy targeting the interleukin-1 innate immunity pathway with canakinumab at a dose of 150 mg every 3 months led to a significantly lower rate of recurrent cardiovascular events than placebo, independent of lipid-level lowering.</Sentence>
	</Abstract>
</Corpus>