<?xml version='1.0' encoding='utf-8'?>
<Corpus xmlns:xsi="http://www.w3.org/2001/XMLSchema-instance"
	xsi:noNamespaceSchemaLocation="Abstract_Structure_v2.xsd">
	<Abstract id="28844200">
		<Sentence ic="1" o="0" p="1" pico="0" structural="Title">Oxygen Therapy in Suspected Acute Myocardial Infarction.</Sentence>
		<Sentence ic="1" o="1" p="1" pico="1" structural="Aim/Background">Background: The clinical effect of routine oxygen therapy in patients with suspected acute myocardial infarction who do not have hypoxemia at baseline is uncertain.</Sentence>
		<Sentence ic="0" o="0" p="0" pico="0" structural="Methodology">Methods: In this registry-based randomized clinical trial, we used nationwide Swedish registries for patient enrollment and data collection.</Sentence>
		<Sentence ic="1" o="0" p="1" pico="0" structural="Methodology">Patients with suspected myocardial infarction and an oxygen saturation of 90% or higher were randomly assigned to receive either supplemental oxygen (6 liters per minute for 6 to 12 hours, delivered through an open face mask) or ambient air.</Sentence>
		<Sentence ic="0" o="0" p="1" pico="0" structural="Conclusion">Results: A total of 6629 patients were enrolled.</Sentence>
		<Sentence ic="1" o="1" p="1" pico="0" structural="Conclusion">The median duration of oxygen therapy was 11.6 hours, and the median oxygen saturation at the end of the treatment period was 99% among patients assigned to oxygen and 97% among patients assigned to ambient air.</Sentence>
		<Sentence ic="1" o="1" p="1" pico="0" structural="Conclusion">Hypoxemia developed in 62 patients (1.9%) in the oxygen group, as compared with 254 patients (7.7%) in the ambient-air group.</Sentence>
		<Sentence ic="1" o="1" p="0" pico="0" structural="Conclusion">The median of the highest troponin level during hospitalization was 946.5 ng per liter in the oxygen group and 983.0 ng per liter in the ambient-air group.</Sentence>
		<Sentence ic="1" o="1" p="1" pico="0" structural="Conclusion">The primary end point of death from any cause within 1 year after randomization occurred in 5.0% of patients (166 of 3311) assigned to oxygen and in 5.1% of patients (168 of 3318) assigned to ambient air (hazard ratio, 0.97; 95% confidence interval [CI], 0.79 to 1.21; P=0.80) .</Sentence>
		<Sentence ic="1" o="1" p="1" pico="0" structural="Conclusion">Rehospitalization with myocardial infarction within 1 year occurred in 126 patients (3.8%) assigned to oxygen and in 111 patients (3.3%) assigned to ambient air (hazard ratio, 1.13; 95% CI, 0.88 to 1.46; P=0.33) .</Sentence>
		<Sentence ic="0" o="0" p="0" pico="0" structural="Conclusion">The results were consistent across all predefined subgroups.</Sentence>
		<Sentence ic="1" o="1" p="1" pico="1" structural="Conclusion">Conclusions: Routine use of supplemental oxygen in patients with suspected myocardial infarction who did not have hypoxemia was not found to reduce 1-year all-cause mortality.</Sentence>
	</Abstract>
</Corpus>