<?xml version='1.0' encoding='utf-8'?>
<Corpus xmlns:xsi="http://www.w3.org/2001/XMLSchema-instance"
	xsi:noNamespaceSchemaLocation="Abstract_Structure_v2.xsd">
	<Abstract id="28860402">
		<Sentence ic="1" o="0" p="1" pico="0" structural="Title">Sliding hip screw versus the Targon PFT nail for trochanteric hip fractures: a randomised trial of 400 patients.</Sentence>
		<Sentence ic="1" o="0" p="1" pico="0">AIMS: To compare the outcomes for trochanteric fractures treated with a sliding hip screw (SHS) or a cephalomedullary nail.</Sentence>
		<Sentence ic="1" o="0" p="1" pico="0" structural="Methodology">PATIENTS AND METHODS: A total of 400 patients with a trochanteric hip fracture were randomised to receive a SHS or a cephalomedullary nail (Targon PFT) .</Sentence>
		<Sentence ic="0" o="0" p="0" pico="0" structural="Methodology">All surviving patients were followed up to one year from injury.</Sentence>
		<Sentence ic="0" o="1" p="0" pico="0" structural="Methodology">Functional outcome was assessed by a research nurse blinded to the implant used.</Sentence>
		<Sentence ic="1" o="1" p="0" pico="0" structural="Conclusion">RESULTS: Recovery of mobility, as assessed by a mobility scale, was superior for those treated with the intramedullary nail compared with the SHS at eight weeks, three and nine months (p-values between 0.01 and 0.04), the difference at six and 12 months was not statistically significant (p = 0.15 and p = 0.18 respectively) .</Sentence>
		<Sentence ic="0" o="0" p="0" pico="0" structural="Conclusion">The mean difference was around 0.4 points (0.3 to 0.5) on a nine point scale.</Sentence>
		<Sentence ic="1" o="1" p="0" pico="0" structural="Conclusion">Surgical time for the nail was four minutes less than that for the SHS (p &lt; 0.001) .</Sentence>
		<Sentence ic="0" o="1" p="0" pico="0" structural="Conclusion">Fracture healing complications were similar for the two groups.</Sentence>
		<Sentence ic="0" o="1" p="0" pico="0" structural="Conclusion">There were no statistically significant differences between implants for any other recorded outcomes including the need for post-operative blood transfusion, wound healing complications, general medical complications, hospital stay or mortality.</Sentence>
		<Sentence ic="1" o="1" p="0" pico="0" structural="Conclusion">CONCLUSION: This study confirms the findings of a previous study that both methods of treatment produce similar results, although intramedullary fixation does result in marginally improved regain of mobility in comparison with the SHS.</Sentence>
		<Sentence ic="0" o="0" p="0" pico="0" structural="Conclusion">Cite this article: Bone Joint J 2017;99-B:1210-15.</Sentence>
	</Abstract>
</Corpus>