<?xml version='1.0' encoding='utf-8'?>
<Corpus xmlns:xsi="http://www.w3.org/2001/XMLSchema-instance"
	xsi:noNamespaceSchemaLocation="Abstract_Structure_v2.xsd">
	<Abstract id="28872526">
		<Sentence ic="1" o="0" p="0" pico="0" structural="Title">Wear of Vitamin E-Infused Highly Cross-Linked Polyethylene at Five Years.</Sentence>
		<Sentence ic="1" o="1" p="0" pico="0" structural="Aim/Background">BACKGROUND: In an earlier study with a 2-year follow-up of uncemented cups, we had reported low femoral-head penetration of vitamin E-infused highly cross-linked polyethylene liners (E1) compared with highly cross-linked liners without vitamin E (ArComXL) .</Sentence>
		<Sentence ic="1" o="1" p="0" pico="0" structural="Aim/Background">We studied the penetration rate of E1 compared with that of ArComXL, with a focus on changes occurring between 2 and 5 years after total hip arthroplasty.</Sentence>
		<Sentence ic="0" o="0" p="0" pico="0" structural="Methodology">METHODS: In this randomized controlled study, we performed radiostereometric analysis of the penetration rate up to 5 years in 63 hips.</Sentence>
		<Sentence ic="0" o="1" p="0" pico="0" structural="Conclusion">RESULTS: During the total period of observation, the median proximal penetration for E1, 0.13 mm (mean, 0.11 mm [95% confidence interval (CI), 0.08 to 0.14 mm]), was lower than that for ArComXL, 0.20 mm (mean, 0.22 mm [95% CI, 0.17 to 0.26 mm]) .</Sentence>
		<Sentence ic="0" o="1" p="0" pico="0" structural="Conclusion">The median proximal penetration rate between 2 and 5 years was 0.02 mm/yr (mean, 0.01 mm/yr [95% CI, 0.01 to 0.02 mm/yr]) for E1 and 0.04 mm/yr (mean, 0.04 mm/yr [95% CI, 0.03 to 0.05 mm/yr) for ArComXL.</Sentence>
		<Sentence ic="0" o="1" p="0" pico="0" structural="Conclusion">The corresponding median total (ie, 3-dimensional resultant) penetration rates were 0.04 mm/yr (mean, 0.04 mm/yr [95% CI, 0.03 to 0.05 mm/yr]) for E1 and 0.07 mm/yr (mean, 0.08 mm/yr [95% CI, 0.06 to 0.10 mm/yr]) for ArComXL.</Sentence>
		<Sentence ic="0" o="1" p="0" pico="0" structural="Conclusion">CONCLUSIONS: From years 2 to 5, we observed increased penetration in both groups.</Sentence>
		<Sentence ic="0" o="1" p="0" pico="0" structural="Conclusion">The penetration rate was higher for ArComXL, resulting in more proximal and total penetration at 5 years than for E1.</Sentence>
		<Sentence ic="0" o="0" p="0" pico="0" structural="Conclusion">LEVEL OF EVIDENCE: Therapeutic Level I.</Sentence>
		<Sentence ic="0" o="0" p="0" pico="0" structural="Conclusion">See Instructions for Authors for a complete description of levels of evidence.</Sentence>
	</Abstract>
</Corpus>