<?xml version='1.0' encoding='utf-8'?>
<Corpus xmlns:xsi="http://www.w3.org/2001/XMLSchema-instance"
	xsi:noNamespaceSchemaLocation="Abstract_Structure_v2.xsd">
	<Abstract id="28885323">
		<Sentence ic="1" o="1" p="1" pico="1" structural="Title">IK3CG single nucleotide polymorphisms are associated with poor responsiveness to clopidogrel and increased risk of ischemia in patients with coronary heart disease.</Sentence>
		<Sentence ic="1" o="1" p="1" pico="1" structural="Aim/Background">Background: This study explores the associations between PIK3CG single nucleotide polymorphisms (SNPs, rs1129293 and rs17398575) and patient responsiveness to clopidogrel to evaluate the risks of ischemia in patients with coronary heart disease (CHD) .</Sentence>
		<Sentence ic="1" o="0" p="1" pico="0" structural="Methodology">Methods: The study consisted of 513 CHD patients who received clopidogrel as part of antiplatelet therapy, after percutaneous coronary intervention.</Sentence>
		<Sentence ic="1" o="0" p="1" pico="0" structural="Methodology">According to the patient responsiveness to clopidogrel, the subjects were assigned to either clopidogrel-resistant (CR) or clopidogrel-sensitive (CS) groups.</Sentence>
		<Sentence ic="0" o="1" p="1" pico="0" structural="Methodology">CR group was determined by patients platelet aggregation rate of 70% and poor responsiveness to clopidogrel, and CS group by patients platelet aggregation rates of &lt;70% and good responsiveness to clopidogrel.</Sentence>
		<Sentence ic="1" o="0" p="1" pico="0" structural="Methodology">Polymerase chain reaction using TaqMan probe was employed to detect PIK3CG polymorphism.</Sentence>
		<Sentence ic="1" o="0" p="0" pico="0" structural="Methodology">Haplotype and linkage disequilibrium analyses were performed.</Sentence>
		<Sentence ic="1" o="0" p="0" pico="0" structural="Methodology">Prognosis analysis was performed using the Kaplan-Meier curve.</Sentence>
		<Sentence ic="1" o="1" p="0" pico="0" structural="Conclusion">Results: Significant difference was found in genotype and rs1129293 and rs17398575 allele frequency between the CR and CS groups.</Sentence>
		<Sentence ic="1" o="1" p="0" pico="0" structural="Conclusion">Haplotype analysis indicated that the frequency of TG allele was higher in the CR group compared with the CS group, and the frequency of CA allele was lower in the CR group compared with the CS group.</Sentence>
		<Sentence ic="1" o="0" p="1" pico="0" structural="Conclusion">Patients with rs1129293 CT + TT genotype and T allele, rs1129293 AG + GG genotype and G allele exhibited an increased CR risk.</Sentence>
		<Sentence ic="1" o="0" p="0" pico="0" structural="Conclusion">Logistic regression analysis determined hypertension history as an independent risk factor for CR.</Sentence>
		<Sentence ic="0" o="1" p="1" pico="0" structural="Conclusion">The Kaplan-Meier curve suggests that distribution curve of cumulative probability non ischemic events was different between patients with rs1129293 and rs17398575 alleles.</Sentence>
		<Sentence ic="1" o="1" p="1" pico="0" structural="Conclusion">Stable CHD patients with TT genotype of rs1129293 allele and GG genotype of rs17398575 allele showed poorer prognosis compared to those with other genotypes and patients with acute coronary syndromes.</Sentence>
		<Sentence ic="1" o="0" p="1" pico="0" structural="Conclusion">Conclusion: A positive correlation may exist between PIK3CG SNPs (rs1129293 and rs17398575) and patients with poor responsiveness to clopidogrel.</Sentence>
		<Sentence ic="0" o="1" p="1" pico="0" structural="Conclusion">These findings show that this factor may contribute to an increased risk of ischemia in patients suffering from CHD.</Sentence>
	</Abstract>
</Corpus>