<?xml version='1.0' encoding='utf-8'?>
<Corpus xmlns:xsi="http://www.w3.org/2001/XMLSchema-instance"
	xsi:noNamespaceSchemaLocation="Abstract_Structure_v2.xsd">
	<Abstract id="28885372">
		<Sentence ic="1" o="0" p="1" pico="0" structural="Title">Light therapy for multiple sclerosis-associated fatigue: Study protocol for a randomized controlled trial.</Sentence>
		<Sentence ic="0" o="0" p="1" pico="0" structural="Aim/Background">BACKGROUND: Fatigue is the most commonly reported symptom among multiple sclerosis (MS) patients, more than a quarter of whom consider fatigue to be their most disabling symptom.</Sentence>
		<Sentence ic="0" o="0" p="0" pico="0" structural="Aim/Background">However, there are few effective treatment options for fatigue.</Sentence>
		<Sentence ic="1" o="1" p="0" pico="0" structural="Aim/Background">We aim to investigate whether supplemental exposure to bright white light will reduce MS-associated fatigue.</Sentence>
		<Sentence ic="0" o="0" p="1" pico="0" structural="Methodology">METHODS: Eligible participants will have clinically confirmed multiple sclerosis based on the revised McDonald criteria (2010} and a score 36 on the Fatigue Severity Scale (FSS) .</Sentence>
		<Sentence ic="0" o="0" p="0" pico="0" structural="Methodology">Participants will be randomized 1:1 to bright white light {10,000 lux; active condition) or dim red light (&lt;300 lux; control condition) self-administered for 1 hour twice daily.</Sentence>
		<Sentence ic="0" o="0" p="0" pico="0" structural="Methodology">The study will include a 2-week baseline period, a 4-week treatment period, and a 4-week washout period.</Sentence>
		<Sentence ic="0" o="0" p="0" pico="0" structural="Methodology">Participants will record their sleep duration, exercise, caffeine, and medication intake daily.</Sentence>
		<Sentence ic="0" o="0" p="0" pico="0" structural="Methodology">Participants will record their fatigue using the Visual Analogue Fatigue Scale (VAFS) 4 times every third day, providing snapshots of their fatigue level at different times of day.</Sentence>
		<Sentence ic="0" o="0" p="0" pico="0" structural="Methodology">Participants will self-report their fatigue severity using FSS on 3 separate visits: at baseline (week 0), following completion of the treatment phase (week 6), and at study completion (week 10).</Sentence>
		<Sentence ic="0" o="1" p="0" pico="0" structural="Methodology">The primary outcome will be the change in the average FSS score after light therapy.</Sentence>
		<Sentence ic="0" o="1" p="0" pico="0" structural="Methodology">We will perform an intention-to-treat analysis, comparing the active and control groups to assess the postintervention difference in fatigue levels reported on FSS.</Sentence>
		<Sentence ic="1" o="1" p="1" pico="1" structural="Methodology">Secondary outcome measures include change in global VAFS scores during the light therapy and self-reported quality of life in the Multiple Sclerosis Quality of Life-54.</Sentence>
		<Sentence ic="1" o="0" p="1" pico="0" structural="Conclusion">Conclusions: DISCUSSION: We present a study design and rationale for randomizing a nonpharmacological intervention for MS-associated fatigue, using bright light therapy.</Sentence>
		<Sentence ic="0" o="0" p="0" pico="0" structural="Conclusion">The study limitations relate to the logistical issues of a self-administered intervention requiring frequent participant self-report in a relapsing condition.</Sentence>
		<Sentence ic="1" o="1" p="1" pico="1" structural="Conclusion">Ultimately, light therapy for the treatment of MS-associated fatigue may provide a low-cost, noninvasive, self-administered treatment for one of the most prevalent and burdensome symptoms experienced by people with MS .</Sentence>
	</Abstract>
</Corpus>