<?xml version='1.0' encoding='utf-8'?>
<Corpus xmlns:xsi="http://www.w3.org/2001/XMLSchema-instance"
	xsi:noNamespaceSchemaLocation="Abstract_Structure_v2.xsd">
	<Abstract id="28929932">
		<Sentence ic="1" o="1" p="1" pico="1" structural="Title">One-year health and care costs after hip fracture for home-dwelling elderly patients in Norway: Results from the Trondheim Hip Fracture Trial.</Sentence>
		<Sentence ic="1" o="1" p="1" pico="1" structural="Aim/Background">AIM: The aim of this study was to estimate the one-year health and care costs related to hip fracture for home-dwelling patients aged 70 years and older in Norway, paying specific attention to the status of the patients at the time of fracture and cost differences due to various patient pathways after fracture.</Sentence>
		<Sentence ic="0" o="0" p="0" pico="0" structural="Methodology">METHODS: Data on health and care service provision were extracted from hospital and municipal records and from national registries; data on unit costs were collected from the municipalities, hospital administrations and previously published studies.</Sentence>
		<Sentence ic="0" o="1" p="0" pico="0" structural="Methodology">Four different patient pathways were identified and the total costs for subgroups of patients according to age, sex, fracture type and instrumental activity of daily living at fracture incidence were calculated.</Sentence>
		<Sentence ic="0" o="0" p="0" pico="0" structural="Methodology">Descriptive statistics were used to identify cost estimates.</Sentence>
		<Sentence ic="0" o="1" p="0" pico="0" structural="Conclusion">RESULTS: The mean total one-year costs per patient were EUR 68,376 and the costs for patients alive one year after hip fracture were EUR 71,719.</Sentence>
		<Sentence ic="0" o="1" p="1" pico="0" structural="Conclusion">The patients' age and pre-fracture functional status contributed most to the total cost.</Sentence>
		<Sentence ic="1" o="1" p="0" pico="0" structural="Conclusion">CONCLUSIONS: On average, care costs accounted for more than 50% of the total cost; even for patients with good functional status before hip fracture, care costs accounted for 40% of the total cost compared with hospital costs of 38%.</Sentence>
		<Sentence ic="1" o="0" p="0" pico="0" structural="Conclusion">To reduce the financial costs of hip fractures in the care sector, the results point to the importance of preventive programmes to reduce the risk of hip fracture, but also to the importance of comprehensive geriatric care in the initial phase after a hip fracture.</Sentence>
	</Abstract>
</Corpus>