<?xml version='1.0' encoding='utf-8'?>
<Corpus xmlns:xsi="http://www.w3.org/2001/XMLSchema-instance"
	xsi:noNamespaceSchemaLocation="Abstract_Structure_v2.xsd">
	<Abstract id="28958324">
		<Sentence ic="1" o="0" p="1" pico="0" structural="Title">Physical Activity and Mortality in Patients With Stable Coronary Heart Disease.</Sentence>
		<Sentence ic="0" o="0" p="1" pico="0" structural="Aim/Background">Background: Recommendations for physical activity in patients with stable coronary heart disease (CHD) are based on modest evidence.</Sentence>
		<Sentence ic="1" o="0" p="1" pico="0" structural="Aim/Background">Objectives: The authors analyzed the association between self-reported exercise and mortality in patients with stable CHD.</Sentence>
		<Sentence ic="1" o="0" p="1" pico="0" structural="Methodology">Methods: A total of 15,486 patients from 39 countries with stable CHD who participated in the STABILITY (Stabilization of Atherosclerotic Plaque by Initiation of Darapladib Therapy) study completed questions at baseline on hours spent each week taking mild, moderate, and vigorous exercise.</Sentence>
		<Sentence ic="1" o="1" p="0" pico="0" structural="Methodology">Associations between the volume of habitual exercise in metabolic equivalents of task hours/week and adverse outcomes during a median follow-up of 3.7 years were evaluated.</Sentence>
		<Sentence ic="1" o="1" p="0" pico="0" structural="Conclusion">Results: A graded decrease in mortality occurred with increased habitual exercise that was steeper at lower compared with higher exercise levels.</Sentence>
		<Sentence ic="1" o="1" p="0" pico="0" structural="Conclusion">Doubling exercise volume was associated with lower all-cause mortality (unadjusted hazard ratio [HR]: 0.82; 95% confidence interval [CI]: 0.79 to 0.85; adjusting for covariates, HR: 0.90; 95% CI: 0.87 to 0.93) .</Sentence>
		<Sentence ic="1" o="0" p="1" pico="0" structural="Conclusion">These associations were similar for cardiovascular mortality (unadjusted HR: 0.83; 95% CI: 0.80 to 0.87; adjusted HR: 0.92; 95% CI: 0.88 to 0.96), but myocardial infarction and stroke were not associated with exercise volume after adjusting for covariates.</Sentence>
		<Sentence ic="1" o="1" p="1" pico="1" structural="Conclusion">The association between decrease in mortality and greater physical activity was stronger in the subgroup of patients at higher risk estimated by the ABC-CHD (Age, Biomarkers, ClinicalCoronary Heart Disease) risk score (p for interaction = 0.0007) .</Sentence>
		<Sentence ic="1" o="1" p="1" pico="1" structural="Conclusion">Conclusions: In patients with stable CHD, more physical activity was associated with lower mortality.</Sentence>
		<Sentence ic="0" o="1" p="1" pico="0" structural="Conclusion">The largest benefits occurred between sedentary patient groups and between those with the highest mortality risk.</Sentence>
	</Abstract>
</Corpus>