<?xml version='1.0' encoding='utf-8'?>
<Corpus xmlns:xsi="http://www.w3.org/2001/XMLSchema-instance"
	xsi:noNamespaceSchemaLocation="Abstract_Structure_v2.xsd">
	<Abstract id="28969350">
		<Sentence ic="1" o="1" p="0" pico="0" structural="Title">Influence of Hip Abductor Strength on Functional Outcomes Before and After Total Knee Arthroplasty: Post Hoc Analysis of a Randomized Controlled Trial.</Sentence>
		<Sentence ic="1" o="1" p="0" pico="0" structural="Aim/Background">Background: Total knee arthroplasty (TKA) is associated with declines in hip abductor (HA) muscle strength; however, a longitudinal analysis demonstrating the influence of TKA on trajectories of HA strength change has not been conducted.</Sentence>
		<Sentence ic="1" o="1" p="0" pico="0" structural="Aim/Background">Objective: The purpose of this study was to quantify changes in HA strength from pre-TKA through 3 months post-TKA and to characterize the relationship between HA strength changes and physical performance.</Sentence>
		<Sentence ic="0" o="0" p="0" pico="0" structural="Aim/Background">Design: This study is a post hoc analysis of a randomized controlled trial.</Sentence>
		<Sentence ic="0" o="0" p="1" pico="0" structural="Methodology">Methods: Data from 162 participants (89 women, mean age = 63 y) were used for analysis.</Sentence>
		<Sentence ic="1" o="0" p="0" pico="0" structural="Methodology">Data were collected by masked assessors preoperatively and at 1 and 3 months following surgery.</Sentence>
		<Sentence ic="1" o="1" p="0" pico="0" structural="Methodology">Outcomes included: Timed "Up and Go" test (TUG), Stair Climbing Test (SCT), Six-Minute Walk Test (6MWT), and walking speed.</Sentence>
		<Sentence ic="1" o="0" p="0" pico="0" structural="Methodology">Paired t tests were used for between- and within-limb comparisons of HA strength.</Sentence>
		<Sentence ic="1" o="0" p="0" pico="0" structural="Methodology">Multivariable regression was used to determine contributions of independent variables, HA and knee extensor strength, to the dependent variables of TUG, SCT, 6MWT, and walking speed at each time point.</Sentence>
		<Sentence ic="1" o="1" p="0" pico="0" structural="Conclusion">Results: Hip abductor strength was significantly lower in the surgical limb pre-TKA (mean = 0.015; 95% CI = 0.010-0.020), 1 month post-TKA (0.028; 0.023-0.034), and 3 months post-TKA (0.02; 0.014-0.025) compared with the nonsurgical limb.</Sentence>
		<Sentence ic="0" o="1" p="0" pico="0" structural="Conclusion">Hip abductor strength declined from pre-TKA to 1 month post-TKA (18%), but not at the 3-month time point (0%) .</Sentence>
		<Sentence ic="1" o="1" p="1" pico="1" structural="Conclusion">Hip abductor strength independently contributed to performance-based outcomes pre-TKA; however, this contribution was not observed post-TKA.</Sentence>
		<Sentence ic="0" o="1" p="0" pico="0" structural="Conclusion">Limitations: The post hoc analysis prevents examining all outcomes likely to be influenced by HA strength.</Sentence>
		<Sentence ic="0" o="1" p="0" pico="0" structural="Conclusion">Conclusions: Surgical limb HA strength is impaired prior to TKA, and worsens following surgery.</Sentence>
		<Sentence ic="0" o="1" p="0" pico="0" structural="Conclusion">Furthermore, HA strength contributes to performance-based outcomes, supporting the hypothesis that HA strength influences functional recovery.</Sentence>
	</Abstract>
</Corpus>